Home,Away,Winner,Loser,WinProb
Brooklyn Nets,Golden State Warriors,Golden State Warriors,Brooklyn Nets,0.696168309614245
Los Angeles Lakers,Los Angeles Clippers,Los Angeles Lakers,Los Angeles Clippers,0.7288806094348701
Cleveland Cavaliers,Charlotte Hornets,Charlotte Hornets,Cleveland Cavaliers,0.9132052722052086
Indiana Pacers,New York Knicks,Indiana Pacers,New York Knicks,0.9236022902414057
Orlando Magic,Miami Heat,Orlando Magic,Miami Heat,0.5059881569609215
Philadelphia 76ers,Washington Wizards,Washington Wizards,Philadelphia 76ers,0.9351092858971283
Toronto Raptors,New Orleans Pelicans,New Orleans Pelicans,Toronto Raptors,0.9295549593058371
Boston Celtics,Milwaukee Bucks,Milwaukee Bucks,Boston Celtics,0.9730374446603764
Chicago Bulls,Atlanta Hawks,Atlanta Hawks,Chicago Bulls,0.8252863012425222
Memphis Grizzlies,San Antonio Spurs,San Antonio Spurs,Memphis Grizzlies,0.6847170673807362
Minnesota Timberwolves,Detroit Pistons,Detroit Pistons,Minnesota Timberwolves,0.7776081714590517
Denver Nuggets,Sacramento Kings,Sacramento Kings,Denver Nuggets,0.9903029258986298
Portland Trail Blazers,Utah Jazz,Portland Trail Blazers,Utah Jazz,0.9064326967294214
Phoenix Suns,Dallas Mavericks,Phoenix Suns,Dallas Mavericks,0.6183036796072037
Denver Nuggets,Los Angeles Clippers,Los Angeles Clippers,Denver Nuggets,0.6727596458577607
Los Angeles Lakers,Dallas Mavericks,Dallas Mavericks,Los Angeles Lakers,0.557133568711485
Boston Celtics,Brooklyn Nets,Brooklyn Nets,Boston Celtics,0.9896389554877042
Milwaukee Bucks,Golden State Warriors,Golden State Warriors,Milwaukee Bucks,0.862960631333866
Miami Heat,New Orleans Pelicans,New Orleans Pelicans,Miami Heat,0.9942087562605362
Memphis Grizzlies,Atlanta Hawks,Atlanta Hawks,Memphis Grizzlies,0.9606232810097681
Charlotte Hornets,Oklahoma City Thunder,Charlotte Hornets,Oklahoma City Thunder,0.9685780520685434
Detroit Pistons,Cleveland Cavaliers,Cleveland Cavaliers,Detroit Pistons,0.711511739208082
Washington Wizards,Orlando Magic,Washington Wizards,Orlando Magic,0.9944511238479297
New York Knicks,Philadelphia 76ers,Philadelphia 76ers,New York Knicks,0.9297891383735527
Chicago Bulls,Indiana Pacers,Indiana Pacers,Chicago Bulls,0.8811380724141658
San Antonio Spurs,Toronto Raptors,San Antonio Spurs,Toronto Raptors,0.9561021982125504
Utah Jazz,Minnesota Timberwolves,Utah Jazz,Minnesota Timberwolves,0.9307133803621638
Portland Trail Blazers,Houston Rockets,Portland Trail Blazers,Houston Rockets,0.9913538598641091
Sacramento Kings,Phoenix Suns,Phoenix Suns,Sacramento Kings,0.9974310351595372
Los Angeles Lakers,Minnesota Timberwolves,Minnesota Timberwolves,Los Angeles Lakers,0.6428351054135137
Sacramento Kings,Phoenix Suns,Phoenix Suns,Sacramento Kings,0.9970484777457223
Chicago Bulls,Golden State Warriors,Golden State Warriors,Chicago Bulls,0.6022056950634935
New York Knicks,Milwaukee Bucks,Milwaukee Bucks,New York Knicks,0.8135824302364185
Indiana Pacers,Boston Celtics,Boston Celtics,Indiana Pacers,0.7885391727407676
Charlotte Hornets,Brooklyn Nets,Brooklyn Nets,Charlotte Hornets,0.9816417054059081
Washington Wizards,Orlando Magic,Washington Wizards,Orlando Magic,0.9935723238824993
New Orleans Pelicans,San Antonio Spurs,San Antonio Spurs,New Orleans Pelicans,0.9321070466873016
Los Angeles Clippers,Dallas Mavericks,Los Angeles Clippers,Dallas Mavericks,0.9202231547703282
Cleveland Cavaliers,Philadelphia 76ers,Philadelphia 76ers,Cleveland Cavaliers,0.9996072412128506
Brooklyn Nets,Memphis Grizzlies,Memphis Grizzlies,Brooklyn Nets,0.9313640696248673
Atlanta Hawks,Detroit Pistons,Atlanta Hawks,Detroit Pistons,0.7059500462904025
Oklahoma City Thunder,Utah Jazz,Utah Jazz,Oklahoma City Thunder,0.9114466691860937
Denver Nuggets,Houston Rockets,Denver Nuggets,Houston Rockets,0.6897460527322389
Los Angeles Lakers,Portland Trail Blazers,Los Angeles Lakers,Portland Trail Blazers,0.9386938570757222
Los Angeles Clippers,Minnesota Timberwolves,Los Angeles Clippers,Minnesota Timberwolves,0.923478276287643
Phoenix Suns,New Orleans Pelicans,New Orleans Pelicans,Phoenix Suns,0.9571973204631434
Oklahoma City Thunder,Orlando Magic,Oklahoma City Thunder,Orlando Magic,0.9848894236897724
Miami Heat,Milwaukee Bucks,Milwaukee Bucks,Miami Heat,0.9853973472968642
Sacramento Kings,Denver Nuggets,Denver Nuggets,Sacramento Kings,0.9995500373070679
Washington Wizards,Chicago Bulls,Chicago Bulls,Washington Wizards,0.9419504471791813
Indiana Pacers,Boston Celtics,Boston Celtics,Indiana Pacers,0.7614611207238025
Detroit Pistons,Golden State Warriors,Golden State Warriors,Detroit Pistons,0.5536701546432827
Cleveland Cavaliers,New York Knicks,New York Knicks,Cleveland Cavaliers,0.8625402000005541
Philadelphia 76ers,Toronto Raptors,Philadelphia 76ers,Toronto Raptors,0.8142653087094235
Miami Heat,Milwaukee Bucks,Milwaukee Bucks,Miami Heat,0.9836772887977522
Brooklyn Nets,Atlanta Hawks,Atlanta Hawks,Brooklyn Nets,0.672928327432103
Boston Celtics,Memphis Grizzlies,Memphis Grizzlies,Boston Celtics,0.9101111374198285
Dallas Mavericks,Charlotte Hornets,Dallas Mavericks,Charlotte Hornets,0.7938895869378089
San Antonio Spurs,Los Angeles Lakers,Los Angeles Lakers,San Antonio Spurs,0.8373064741415036
Los Angeles Clippers,Portland Trail Blazers,Los Angeles Clippers,Portland Trail Blazers,0.995906786371831
Utah Jazz,Phoenix Suns,Utah Jazz,Phoenix Suns,0.7600779043867677
Oklahoma City Thunder,New Orleans Pelicans,New Orleans Pelicans,Oklahoma City Thunder,0.998385113458377
Toronto Raptors,New York Knicks,Toronto Raptors,New York Knicks,0.9738581020234671
Indiana Pacers,Cleveland Cavaliers,Cleveland Cavaliers,Indiana Pacers,0.6809576721282271
Orlando Magic,Philadelphia 76ers,Philadelphia 76ers,Orlando Magic,0.9791789935385785
Washington Wizards,Chicago Bulls,Chicago Bulls,Washington Wizards,0.9313350116217625
Houston Rockets,Sacramento Kings,Sacramento Kings,Houston Rockets,0.9960861429111738
San Antonio Spurs,Los Angeles Lakers,Los Angeles Lakers,San Antonio Spurs,0.8251044310985035
Golden State Warriors,Portland Trail Blazers,Golden State Warriors,Portland Trail Blazers,0.9630060578858989
Utah Jazz,Los Angeles Clippers,Utah Jazz,Los Angeles Clippers,0.9934860513445444
Denver Nuggets,Phoenix Suns,Phoenix Suns,Denver Nuggets,0.9730221344641238
Minnesota Timberwolves,Washington Wizards,Washington Wizards,Minnesota Timberwolves,0.9805116020992494
Brooklyn Nets,Atlanta Hawks,Atlanta Hawks,Brooklyn Nets,0.6435849160708786
Milwaukee Bucks,Chicago Bulls,Chicago Bulls,Milwaukee Bucks,0.8546302344679714
Detroit Pistons,Boston Celtics,Boston Celtics,Detroit Pistons,0.897052628416422
Dallas Mavericks,Miami Heat,Miami Heat,Dallas Mavericks,0.7819314258176194
Charlotte Hornets,Memphis Grizzlies,Memphis Grizzlies,Charlotte Hornets,0.896755433860514
Houston Rockets,Sacramento Kings,Sacramento Kings,Houston Rockets,0.9954651072780208
Indiana Pacers,New York Knicks,Indiana Pacers,New York Knicks,0.8302432385159649
Orlando Magic,Oklahoma City Thunder,Orlando Magic,Oklahoma City Thunder,0.956322888804631
Philadelphia 76ers,Charlotte Hornets,Philadelphia 76ers,Charlotte Hornets,0.6395118591636255
Atlanta Hawks,Cleveland Cavaliers,Atlanta Hawks,Cleveland Cavaliers,0.5499980996216387
New Orleans Pelicans,Toronto Raptors,Toronto Raptors,New Orleans Pelicans,0.9197305713470327
Golden State Warriors,Portland Trail Blazers,Golden State Warriors,Portland Trail Blazers,0.9577144356358316
Chicago Bulls,Dallas Mavericks,Dallas Mavericks,Chicago Bulls,0.667998567982309
San Antonio Spurs,Utah Jazz,San Antonio Spurs,Utah Jazz,0.8660270302615698
Phoenix Suns,Los Angeles Clippers,Phoenix Suns,Los Angeles Clippers,0.9066464006454479
Memphis Grizzlies,Los Angeles Lakers,Los Angeles Lakers,Memphis Grizzlies,0.9868106116780618
Brooklyn Nets,Washington Wizards,Washington Wizards,Brooklyn Nets,0.9003746507945176
Detroit Pistons,Boston Celtics,Boston Celtics,Detroit Pistons,0.8870038323943118
Minnesota Timberwolves,Denver Nuggets,Denver Nuggets,Minnesota Timberwolves,0.9978856688938016
Golden State Warriors,Sacramento Kings,Sacramento Kings,Golden State Warriors,0.9053044469690397
New Orleans Pelicans,Indiana Pacers,Indiana Pacers,New Orleans Pelicans,0.9986654115308969
Milwaukee Bucks,Detroit Pistons,Detroit Pistons,Milwaukee Bucks,0.8776064043880437
Toronto Raptors,Boston Celtics,Toronto Raptors,Boston Celtics,0.72039441296751
Houston Rockets,Dallas Mavericks,Dallas Mavericks,Houston Rockets,0.888873031968286
Atlanta Hawks,New York Knicks,Atlanta Hawks,New York Knicks,0.9052419699628874
Philadelphia 76ers,Charlotte Hornets,Philadelphia 76ers,Charlotte Hornets,0.615110317506036
Miami Heat,Oklahoma City Thunder,Miami Heat,Oklahoma City Thunder,0.857583759484316
Orlando Magic,Cleveland Cavaliers,Cleveland Cavaliers,Orlando Magic,0.6254669711692331
Portland Trail Blazers,Chicago Bulls,Portland Trail Blazers,Chicago Bulls,0.8526177747655881
Brooklyn Nets,Utah Jazz,Utah Jazz,Brooklyn Nets,0.5313381219496288
Memphis Grizzlies,Los Angeles Lakers,Los Angeles Lakers,Memphis Grizzlies,0.9857516680956934
Denver Nuggets,Minnesota Timberwolves,Minnesota Timberwolves,Denver Nuggets,0.8914471813520032
Los Angeles Clippers,San Antonio Spurs,Los Angeles Clippers,San Antonio Spurs,0.9924361185690594
Phoenix Suns,Toronto Raptors,Phoenix Suns,Toronto Raptors,0.9787721734429082
Philadelphia 76ers,Washington Wizards,Washington Wizards,Philadelphia 76ers,0.7962675559189446
Sacramento Kings,Chicago Bulls,Chicago Bulls,Sacramento Kings,0.9800477576653575
New Orleans Pelicans,Oklahoma City Thunder,Oklahoma City Thunder,New Orleans Pelicans,0.900697711884503
Golden State Warriors,Los Angeles Clippers,Golden State Warriors,Los Angeles Clippers,0.8959128620209005
Milwaukee Bucks,Detroit Pistons,Detroit Pistons,Milwaukee Bucks,0.8546890164944467
Indiana Pacers,Houston Rockets,Indiana Pacers,Houston Rockets,0.7619101170626057
Miami Heat,Boston Celtics,Boston Celtics,Miami Heat,0.8937860135482274
Atlanta Hawks,Charlotte Hornets,Atlanta Hawks,Charlotte Hornets,0.77702258482849
Orlando Magic,Cleveland Cavaliers,Cleveland Cavaliers,Orlando Magic,0.590230126691661
New York Knicks,Utah Jazz,New York Knicks,Utah Jazz,0.927195546141169
Brooklyn Nets,Philadelphia 76ers,Philadelphia 76ers,Brooklyn Nets,0.9890164446759606
Memphis Grizzlies,Cleveland Cavaliers,Cleveland Cavaliers,Memphis Grizzlies,0.893937159874
Denver Nuggets,Dallas Mavericks,Dallas Mavericks,Denver Nuggets,0.7930445357116448
Los Angeles Lakers,San Antonio Spurs,Los Angeles Lakers,San Antonio Spurs,0.9067648608515946
Portland Trail Blazers,Minnesota Timberwolves,Portland Trail Blazers,Minnesota Timberwolves,0.810737284807102
Sacramento Kings,Toronto Raptors,Toronto Raptors,Sacramento Kings,0.7930205682928891
Los Angeles Lakers,Chicago Bulls,Los Angeles Lakers,Chicago Bulls,0.5802477336649594
Golden State Warriors,Los Angeles Clippers,Golden State Warriors,Los Angeles Clippers,0.8803778218023949
Milwaukee Bucks,Utah Jazz,Utah Jazz,Milwaukee Bucks,0.843768881745808
Memphis Grizzlies,Brooklyn Nets,Brooklyn Nets,Memphis Grizzlies,0.9993733088782701
Houston Rockets,Orlando Magic,Houston Rockets,Orlando Magic,0.9801243089270107
New Orleans Pelicans,Charlotte Hornets,Charlotte Hornets,New Orleans Pelicans,0.9906875998253025
Boston Celtics,Washington Wizards,Washington Wizards,Boston Celtics,0.7625882760182113
Detroit Pistons,Phoenix Suns,Phoenix Suns,Detroit Pistons,0.8967091165334728
New York Knicks,Oklahoma City Thunder,New York Knicks,Oklahoma City Thunder,0.9914492787021941
Dallas Mavericks,Orlando Magic,Dallas Mavericks,Orlando Magic,0.9975207177236204
Philadelphia 76ers,Denver Nuggets,Denver Nuggets,Philadelphia 76ers,0.9888271753564069
Charlotte Hornets,Atlanta Hawks,Charlotte Hornets,Atlanta Hawks,0.5144333242031336
Indiana Pacers,Phoenix Suns,Phoenix Suns,Indiana Pacers,0.7582899391715184
Washington Wizards,Miami Heat,Miami Heat,Washington Wizards,0.9314499460057519
Milwaukee Bucks,Cleveland Cavaliers,Cleveland Cavaliers,Milwaukee Bucks,0.8799110790419093
Minnesota Timberwolves,San Antonio Spurs,San Antonio Spurs,Minnesota Timberwolves,0.6184972413477063
Sacramento Kings,Portland Trail Blazers,Portland Trail Blazers,Sacramento Kings,0.8025944740312689
Minnesota Timberwolves,San Antonio Spurs,San Antonio Spurs,Minnesota Timberwolves,0.5935772326811043
Golden State Warriors,Toronto Raptors,Golden State Warriors,Toronto Raptors,0.9793677145592563
Houston Rockets,Los Angeles Lakers,Los Angeles Lakers,Houston Rockets,0.9766076633565626
Detroit Pistons,Utah Jazz,Detroit Pistons,Utah Jazz,0.5013940421165467
Brooklyn Nets,Oklahoma City Thunder,Brooklyn Nets,Oklahoma City Thunder,0.8478824056811093
New York Knicks,Denver Nuggets,Denver Nuggets,New York Knicks,0.8725246232663791
Los Angeles Clippers,Chicago Bulls,Los Angeles Clippers,Chicago Bulls,0.907625898636783
Charlotte Hornets,New York Knicks,Charlotte Hornets,New York Knicks,0.797749780412862
Cleveland Cavaliers,Memphis Grizzlies,Memphis Grizzlies,Cleveland Cavaliers,0.9956104471684422
Orlando Magic,Milwaukee Bucks,Milwaukee Bucks,Orlando Magic,0.9932238281673166
Washington Wizards,Phoenix Suns,Phoenix Suns,Washington Wizards,0.9467130367785308
Atlanta Hawks,Philadelphia 76ers,Philadelphia 76ers,Atlanta Hawks,0.95535679986119
Portland Trail Blazers,Toronto Raptors,Portland Trail Blazers,Toronto Raptors,0.9900328802155266
Sacramento Kings,Indiana Pacers,Indiana Pacers,Sacramento Kings,0.9966280263191568
Oklahoma City Thunder,San Antonio Spurs,San Antonio Spurs,Oklahoma City Thunder,0.6950524828682383
Golden State Warriors,Indiana Pacers,Indiana Pacers,Golden State Warriors,0.5229070155506716
Houston Rockets,Los Angeles Lakers,Los Angeles Lakers,Houston Rockets,0.9753849917667204
Philadelphia 76ers,Miami Heat,Miami Heat,Philadelphia 76ers,0.6990128906307213
Brooklyn Nets,Denver Nuggets,Denver Nuggets,Brooklyn Nets,0.9880771329165793
Cleveland Cavaliers,Utah Jazz,Utah Jazz,Cleveland Cavaliers,0.9441465658291157
Sacramento Kings,Portland Trail Blazers,Portland Trail Blazers,Sacramento Kings,0.7511579114370911
Los Angeles Clippers,New Orleans Pelicans,New Orleans Pelicans,Los Angeles Clippers,0.9173774765278406
Oklahoma City Thunder,Los Angeles Lakers,Los Angeles Lakers,Oklahoma City Thunder,0.9914963189827379
Charlotte Hornets,Dallas Mavericks,Charlotte Hornets,Dallas Mavericks,0.5243418463749716
New York Knicks,Brooklyn Nets,Brooklyn Nets,New York Knicks,0.9484591555333199
Detroit Pistons,Milwaukee Bucks,Milwaukee Bucks,Detroit Pistons,0.9921551930110434
Minnesota Timberwolves,Memphis Grizzlies,Memphis Grizzlies,Minnesota Timberwolves,0.9900448079701918
Denver Nuggets,Golden State Warriors,Denver Nuggets,Golden State Warriors,0.6060289605310608
Philadelphia 76ers,Miami Heat,Miami Heat,Philadelphia 76ers,0.663135774155309
San Antonio Spurs,Houston Rockets,San Antonio Spurs,Houston Rockets,0.8924318071606573
Toronto Raptors,Charlotte Hornets,Toronto Raptors,Charlotte Hornets,0.9656050254844714
Portland Trail Blazers,Indiana Pacers,Portland Trail Blazers,Indiana Pacers,0.7964907200191805
Sacramento Kings,Los Angeles Clippers,Los Angeles Clippers,Sacramento Kings,0.9763766567885434
Utah Jazz,Atlanta Hawks,Utah Jazz,Atlanta Hawks,0.9719671634877703
Oklahoma City Thunder,Chicago Bulls,Chicago Bulls,Oklahoma City Thunder,0.9739928897318064
Los Angeles Lakers,New Orleans Pelicans,New Orleans Pelicans,Los Angeles Lakers,0.9826267269005828
Cleveland Cavaliers,New York Knicks,New York Knicks,Cleveland Cavaliers,0.8779222301098898
Boston Celtics,Orlando Magic,Boston Celtics,Orlando Magic,0.9927657486272106
Milwaukee Bucks,Dallas Mavericks,Dallas Mavericks,Milwaukee Bucks,0.8891125127721228
San Antonio Spurs,Houston Rockets,San Antonio Spurs,Houston Rockets,0.8828938281310209
Brooklyn Nets,Orlando Magic,Brooklyn Nets,Orlando Magic,0.9885519794596757
Toronto Raptors,Charlotte Hornets,Toronto Raptors,Charlotte Hornets,0.9609973805048967
Memphis Grizzlies,Philadelphia 76ers,Philadelphia 76ers,Memphis Grizzlies,0.9981716638797111
Miami Heat,Detroit Pistons,Detroit Pistons,Miami Heat,0.5082734486206582
Portland Trail Blazers,Atlanta Hawks,Portland Trail Blazers,Atlanta Hawks,0.9261734961699509
Boston Celtics,New York Knicks,Boston Celtics,New York Knicks,0.8023323164496161
Dallas Mavericks,Chicago Bulls,Dallas Mavericks,Chicago Bulls,0.5546696519677707
Denver Nuggets,Utah Jazz,Utah Jazz,Denver Nuggets,0.5086416085834753
Sacramento Kings,New Orleans Pelicans,New Orleans Pelicans,Sacramento Kings,0.9997851294699568
Los Angeles Clippers,Indiana Pacers,Los Angeles Clippers,Indiana Pacers,0.7364744532456009
Toronto Raptors,Dallas Mavericks,Toronto Raptors,Dallas Mavericks,0.931451694997275
Miami Heat,Detroit Pistons,Miami Heat,Detroit Pistons,0.5351681413843241
Chicago Bulls,Houston Rockets,Chicago Bulls,Houston Rockets,0.5288041592416733
Los Angeles Lakers,Golden State Warriors,Los Angeles Lakers,Golden State Warriors,0.8249473605255916
Memphis Grizzlies,Phoenix Suns,Phoenix Suns,Memphis Grizzlies,0.9592397906540673
Portland Trail Blazers,San Antonio Spurs,Portland Trail Blazers,San Antonio Spurs,0.9965355717974059
Atlanta Hawks,Minnesota Timberwolves,Minnesota Timberwolves,Atlanta Hawks,0.764497508074834
New York Knicks,Orlando Magic,New York Knicks,Orlando Magic,0.9986735116072547
Brooklyn Nets,Milwaukee Bucks,Milwaukee Bucks,Brooklyn Nets,0.9924065478103414
Denver Nuggets,Oklahoma City Thunder,Denver Nuggets,Oklahoma City Thunder,0.6513522005385458
Utah Jazz,New Orleans Pelicans,New Orleans Pelicans,Utah Jazz,0.5533891967827455
Los Angeles Clippers,Sacramento Kings,Sacramento Kings,Los Angeles Clippers,0.8953742605513773
Cleveland Cavaliers,Brooklyn Nets,Brooklyn Nets,Cleveland Cavaliers,0.9996564259328329
Indiana Pacers,Dallas Mavericks,Indiana Pacers,Dallas Mavericks,0.5884905540931488
Philadelphia 76ers,Boston Celtics,Boston Celtics,Philadelphia 76ers,0.7812908211457352
Atlanta Hawks,Detroit Pistons,Atlanta Hawks,Detroit Pistons,0.6620946432974381
Toronto Raptors,Miami Heat,Toronto Raptors,Miami Heat,0.8857460366355883
Minnesota Timberwolves,Orlando Magic,Minnesota Timberwolves,Orlando Magic,0.9020440444062627
Houston Rockets,Phoenix Suns,Phoenix Suns,Houston Rockets,0.9534949714188699
Golden State Warriors,San Antonio Spurs,Golden State Warriors,San Antonio Spurs,0.9720450527208139
Utah Jazz,New Orleans Pelicans,New Orleans Pelicans,Utah Jazz,0.5144390271198959
Golden State Warriors,New York Knicks,Golden State Warriors,New York Knicks,0.9483363577046372
Milwaukee Bucks,Los Angeles Lakers,Los Angeles Lakers,Milwaukee Bucks,0.9822949728829485
Charlotte Hornets,Chicago Bulls,Chicago Bulls,Charlotte Hornets,0.6381613974412671
Detroit Pistons,Houston Rockets,Houston Rockets,Detroit Pistons,0.6353574979042417
Indiana Pacers,Orlando Magic,Indiana Pacers,Orlando Magic,0.9901195838174688
Cleveland Cavaliers,Brooklyn Nets,Brooklyn Nets,Cleveland Cavaliers,0.9996051314045205
Philadelphia 76ers,Boston Celtics,Boston Celtics,Philadelphia 76ers,0.7565768659344203
Toronto Raptors,Miami Heat,Toronto Raptors,Miami Heat,0.8718599517202069
Minnesota Timberwolves,Atlanta Hawks,Atlanta Hawks,Minnesota Timberwolves,0.9448687588863545
San Antonio Spurs,Dallas Mavericks,San Antonio Spurs,Dallas Mavericks,0.738065130744706
Los Angeles Clippers,Oklahoma City Thunder,Los Angeles Clippers,Oklahoma City Thunder,0.9807343701619344
Phoenix Suns,Denver Nuggets,Denver Nuggets,Phoenix Suns,0.7969278342459098
Sacramento Kings,New York Knicks,New York Knicks,Sacramento Kings,0.9338331783449934
Minnesota Timberwolves,New Orleans Pelicans,New Orleans Pelicans,Minnesota Timberwolves,0.9967722227973288
Utah Jazz,Golden State Warriors,Utah Jazz,Golden State Warriors,0.9929222074016666
Phoenix Suns,Denver Nuggets,Denver Nuggets,Phoenix Suns,0.768862747005525
Dallas Mavericks,Houston Rockets,Dallas Mavericks,Houston Rockets,0.6265430219270312
Brooklyn Nets,Miami Heat,Miami Heat,Brooklyn Nets,0.7351154033019995
Detroit Pistons,Philadelphia 76ers,Philadelphia 76ers,Detroit Pistons,0.9952440353966833
Chicago Bulls,Los Angeles Lakers,Los Angeles Lakers,Chicago Bulls,0.864755790127728
San Antonio Spurs,Washington Wizards,Washington Wizards,San Antonio Spurs,0.5102650318998802
Indiana Pacers,Toronto Raptors,Indiana Pacers,Toronto Raptors,0.9744094090343852
Los Angeles Clippers,Oklahoma City Thunder,Los Angeles Clippers,Oklahoma City Thunder,0.97898348514818
Boston Celtics,Cleveland Cavaliers,Cleveland Cavaliers,Boston Celtics,0.6776312237494456
Orlando Magic,Charlotte Hornets,Charlotte Hornets,Orlando Magic,0.5800481805935362
Milwaukee Bucks,Atlanta Hawks,Atlanta Hawks,Milwaukee Bucks,0.9302452387682031
Portland Trail Blazers,New York Knicks,Portland Trail Blazers,New York Knicks,0.9920994471087898
Golden State Warriors,Minnesota Timberwolves,Minnesota Timberwolves,Golden State Warriors,0.5299329809418876
Dallas Mavericks,Denver Nuggets,Denver Nuggets,Dallas Mavericks,0.9237631555163289
Portland Trail Blazers,Oklahoma City Thunder,Portland Trail Blazers,Oklahoma City Thunder,0.9852829234804613
Cleveland Cavaliers,Los Angeles Lakers,Los Angeles Lakers,Cleveland Cavaliers,0.9940424131909213
Chicago Bulls,Boston Celtics,Boston Celtics,Chicago Bulls,0.7253422602803523
Orlando Magic,Charlotte Hornets,Charlotte Hornets,Orlando Magic,0.5565742100324936
Indiana Pacers,Toronto Raptors,Indiana Pacers,Toronto Raptors,0.9702003215665655
Detroit Pistons,Philadelphia 76ers,Philadelphia 76ers,Detroit Pistons,0.9947234233299898
Brooklyn Nets,Miami Heat,Miami Heat,Brooklyn Nets,0.7089379878268847
Atlanta Hawks,Los Angeles Clippers,Atlanta Hawks,Los Angeles Clippers,0.799666118700165
Houston Rockets,Washington Wizards,Washington Wizards,Houston Rockets,0.9638611695032806
Utah Jazz,New York Knicks,Utah Jazz,New York Knicks,0.9947665916825075
Golden State Warriors,Minnesota Timberwolves,Golden State Warriors,Minnesota Timberwolves,0.5178741265948084
Utah Jazz,Dallas Mavericks,Utah Jazz,Dallas Mavericks,0.9654339085441762
New Orleans Pelicans,Washington Wizards,Washington Wizards,New Orleans Pelicans,0.9923111598764818
San Antonio Spurs,Boston Celtics,San Antonio Spurs,Boston Celtics,0.6280358599361952
Toronto Raptors,Milwaukee Bucks,Milwaukee Bucks,Toronto Raptors,0.9159210159669532
Phoenix Suns,Oklahoma City Thunder,Phoenix Suns,Oklahoma City Thunder,0.9284345185533962
Miami Heat,Denver Nuggets,Denver Nuggets,Miami Heat,0.9494323498411453
Atlanta Hawks,Brooklyn Nets,Brooklyn Nets,Atlanta Hawks,0.9785542391325406
Orlando Magic,Sacramento Kings,Sacramento Kings,Orlando Magic,0.9975915270205338
Cleveland Cavaliers,Detroit Pistons,Detroit Pistons,Cleveland Cavaliers,0.9823039481932152
Charlotte Hornets,Indiana Pacers,Indiana Pacers,Charlotte Hornets,0.7540248481809574
Philadelphia 76ers,Los Angeles Lakers,Los Angeles Lakers,Philadelphia 76ers,0.87435972529159
Houston Rockets,Portland Trail Blazers,Houston Rockets,Portland Trail Blazers,0.8603368094300358
Detroit Pistons,Los Angeles Lakers,Los Angeles Lakers,Detroit Pistons,0.9076537841722608
Miami Heat,Los Angeles Clippers,Los Angeles Clippers,Miami Heat,0.5242412000622987
Phoenix Suns,Golden State Warriors,Phoenix Suns,Golden State Warriors,0.9354296737074779
San Antonio Spurs,Denver Nuggets,Denver Nuggets,San Antonio Spurs,0.7217263380991439
Orlando Magic,Los Angeles Clippers,Los Angeles Clippers,Orlando Magic,0.6315936186448383
Oklahoma City Thunder,Brooklyn Nets,Brooklyn Nets,Oklahoma City Thunder,0.9996186159100346
Minnesota Timberwolves,Philadelphia 76ers,Philadelphia 76ers,Minnesota Timberwolves,0.9986124617815029
Charlotte Hornets,Indiana Pacers,Indiana Pacers,Charlotte Hornets,0.7358469877920853
New York Knicks,Cleveland Cavaliers,New York Knicks,Cleveland Cavaliers,0.7070379956963987
New Orleans Pelicans,Milwaukee Bucks,Milwaukee Bucks,New Orleans Pelicans,0.9997843035521697
Washington Wizards,Atlanta Hawks,Atlanta Hawks,Washington Wizards,0.8276030680979334
Utah Jazz,Dallas Mavericks,Utah Jazz,Dallas Mavericks,0.9614543238841404
Toronto Raptors,Sacramento Kings,Sacramento Kings,Toronto Raptors,0.9301785417210872
Dallas Mavericks,Phoenix Suns,Phoenix Suns,Dallas Mavericks,0.7395976243527178
San Antonio Spurs,Memphis Grizzlies,Memphis Grizzlies,San Antonio Spurs,0.7815511239150312
Golden State Warriors,Detroit Pistons,Golden State Warriors,Detroit Pistons,0.6740961211165067
Boston Celtics,Los Angeles Lakers,Los Angeles Lakers,Boston Celtics,0.8010379284667288
Miami Heat,Sacramento Kings,Sacramento Kings,Miami Heat,0.993105446884942
New Orleans Pelicans,Houston Rockets,Houston Rockets,New Orleans Pelicans,0.9797415706868347
Charlotte Hornets,Milwaukee Bucks,Milwaukee Bucks,Charlotte Hornets,0.9882667551734079
Chicago Bulls,Portland Trail Blazers,Chicago Bulls,Portland Trail Blazers,0.9699652668466898
New York Knicks,Los Angeles Clippers,New York Knicks,Los Angeles Clippers,0.9468283341210827
Denver Nuggets,Utah Jazz,Denver Nuggets,Utah Jazz,0.7732833509192392
Indiana Pacers,Philadelphia 76ers,Philadelphia 76ers,Indiana Pacers,0.9592864829901633
Toronto Raptors,Orlando Magic,Toronto Raptors,Orlando Magic,0.9949839228305312
Washington Wizards,Brooklyn Nets,Brooklyn Nets,Washington Wizards,0.996198650641218
Minnesota Timberwolves,Cleveland Cavaliers,Cleveland Cavaliers,Minnesota Timberwolves,0.9753948758801224
San Antonio Spurs,Memphis Grizzlies,Memphis Grizzlies,San Antonio Spurs,0.7520221978946405
Dallas Mavericks,Phoenix Suns,Phoenix Suns,Dallas Mavericks,0.7207484357328368
Oklahoma City Thunder,Houston Rockets,Houston Rockets,Oklahoma City Thunder,0.9480524201093832
New Orleans Pelicans,Sacramento Kings,Sacramento Kings,New Orleans Pelicans,0.9997901027204812
Milwaukee Bucks,Portland Trail Blazers,Milwaukee Bucks,Portland Trail Blazers,0.8180628134342269
Cleveland Cavaliers,Minnesota Timberwolves,Minnesota Timberwolves,Cleveland Cavaliers,0.9951310752469734
Chicago Bulls,New York Knicks,Chicago Bulls,New York Knicks,0.8827518400028568
Miami Heat,Charlotte Hornets,Charlotte Hornets,Miami Heat,0.6093828708624202
Atlanta Hawks,Los Angeles Lakers,Los Angeles Lakers,Atlanta Hawks,0.6174742513856507
Orlando Magic,Toronto Raptors,Orlando Magic,Toronto Raptors,0.6460851690254154
Brooklyn Nets,Los Angeles Clippers,Brooklyn Nets,Los Angeles Clippers,0.5961788280423593
Indiana Pacers,Memphis Grizzlies,Memphis Grizzlies,Indiana Pacers,0.7368958751847232
Washington Wizards,Portland Trail Blazers,Washington Wizards,Portland Trail Blazers,0.7904610431802539
Golden State Warriors,Boston Celtics,Golden State Warriors,Boston Celtics,0.5116596354104644
Utah Jazz,Detroit Pistons,Utah Jazz,Detroit Pistons,0.9673243682340915
New Orleans Pelicans,Phoenix Suns,Phoenix Suns,New Orleans Pelicans,0.9947553806325594
San Antonio Spurs,Minnesota Timberwolves,Minnesota Timberwolves,San Antonio Spurs,0.6262810772840295
Oklahoma City Thunder,Houston Rockets,Houston Rockets,Oklahoma City Thunder,0.9426635797331255
Miami Heat,Washington Wizards,Washington Wizards,Miami Heat,0.8736995689637745
Sacramento Kings,Boston Celtics,Boston Celtics,Sacramento Kings,0.9929337535205432
Chicago Bulls,New York Knicks,Chicago Bulls,New York Knicks,0.8695459328268965
Atlanta Hawks,Dallas Mavericks,Dallas Mavericks,Atlanta Hawks,0.6449660090898202
Milwaukee Bucks,Indiana Pacers,Indiana Pacers,Milwaukee Bucks,0.9443734794403529
Charlotte Hornets,Philadelphia 76ers,Philadelphia 76ers,Charlotte Hornets,0.985005189348221
Cleveland Cavaliers,Los Angeles Clippers,Los Angeles Clippers,Cleveland Cavaliers,0.974609986781722
Atlanta Hawks,Utah Jazz,Atlanta Hawks,Utah Jazz,0.8496590431573358
Dallas Mavericks,Golden State Warriors,Dallas Mavericks,Golden State Warriors,0.7347192332589034
Philadelphia 76ers,Portland Trail Blazers,Philadelphia 76ers,Portland Trail Blazers,0.936838315691294
Memphis Grizzlies,Houston Rockets,Houston Rockets,Memphis Grizzlies,0.621996074611277
Los Angeles Lakers,Denver Nuggets,Denver Nuggets,Los Angeles Lakers,0.676744170952676
Phoenix Suns,Detroit Pistons,Phoenix Suns,Detroit Pistons,0.8201706288855781
Oklahoma City Thunder,Minnesota Timberwolves,Minnesota Timberwolves,Oklahoma City Thunder,0.992902991983947
Miami Heat,Washington Wizards,Washington Wizards,Miami Heat,0.8606826943935075
Charlotte Hornets,Utah Jazz,Charlotte Hornets,Utah Jazz,0.5808837274811043
Los Angeles Clippers,Boston Celtics,Los Angeles Clippers,Boston Celtics,0.8084919471258357
Brooklyn Nets,Toronto Raptors,Brooklyn Nets,Toronto Raptors,0.8352049850351319
Orlando Magic,Chicago Bulls,Chicago Bulls,Orlando Magic,0.6441438164482438
Indiana Pacers,New Orleans Pelicans,New Orleans Pelicans,Indiana Pacers,0.9831138511552672
Cleveland Cavaliers,Milwaukee Bucks,Milwaukee Bucks,Cleveland Cavaliers,0.9995095342507603
Los Angeles Lakers,Detroit Pistons,Los Angeles Lakers,Detroit Pistons,0.507311305107776
New Orleans Pelicans,Memphis Grizzlies,Memphis Grizzlies,New Orleans Pelicans,0.998294319487948
Dallas Mavericks,Golden State Warriors,Dallas Mavericks,Golden State Warriors,0.7012794059052686
Oklahoma City Thunder,Minnesota Timberwolves,Minnesota Timberwolves,Oklahoma City Thunder,0.992128144303908
Houston Rockets,San Antonio Spurs,San Antonio Spurs,Houston Rockets,0.6062914143688395
Philadelphia 76ers,Brooklyn Nets,Brooklyn Nets,Philadelphia 76ers,0.9545563658424994
Atlanta Hawks,Toronto Raptors,Atlanta Hawks,Toronto Raptors,0.879897148306073
Orlando Magic,Chicago Bulls,Chicago Bulls,Orlando Magic,0.6280346249725397
Sacramento Kings,Denver Nuggets,Denver Nuggets,Sacramento Kings,0.9936354392110994
New York Knicks,Portland Trail Blazers,New York Knicks,Portland Trail Blazers,0.9882722589713124
Cleveland Cavaliers,Milwaukee Bucks,Milwaukee Bucks,Cleveland Cavaliers,0.9994649758467999
Charlotte Hornets,Washington Wizards,Washington Wizards,Charlotte Hornets,0.6878622489025912
Indiana Pacers,Utah Jazz,Indiana Pacers,Utah Jazz,0.7360109462680934
New York Knicks,Miami Heat,New York Knicks,Miami Heat,0.5760208844847522
Phoenix Suns,Boston Celtics,Phoenix Suns,Boston Celtics,0.691817267363308
Los Angeles Clippers,Sacramento Kings,Sacramento Kings,Los Angeles Clippers,0.7853062387580206
Denver Nuggets,Milwaukee Bucks,Milwaukee Bucks,Denver Nuggets,0.9540291602650381
Los Angeles Lakers,Oklahoma City Thunder,Los Angeles Lakers,Oklahoma City Thunder,0.6344367989046953
Phoenix Suns,Cleveland Cavaliers,Phoenix Suns,Cleveland Cavaliers,0.6143683931120418
San Antonio Spurs,Golden State Warriors,San Antonio Spurs,Golden State Warriors,0.7858206735622915
Dallas Mavericks,Minnesota Timberwolves,Minnesota Timberwolves,Dallas Mavericks,0.5918103487360828
Memphis Grizzlies,Toronto Raptors,Toronto Raptors,Memphis Grizzlies,0.6747131996398907
Chicago Bulls,Washington Wizards,Chicago Bulls,Washington Wizards,0.532742649787455
Charlotte Hornets,Houston Rockets,Charlotte Hornets,Houston Rockets,0.6985213737532315
Detroit Pistons,Brooklyn Nets,Brooklyn Nets,Detroit Pistons,0.9816058205436965
Miami Heat,New York Knicks,Miami Heat,New York Knicks,0.6886432430556724
New Orleans Pelicans,Houston Rockets,Houston Rockets,New Orleans Pelicans,0.9767992414584321
San Antonio Spurs,Golden State Warriors,San Antonio Spurs,Golden State Warriors,0.7598784504163295
Portland Trail Blazers,Orlando Magic,Portland Trail Blazers,Orlando Magic,0.9966577576444969
Sacramento Kings,Philadelphia 76ers,Philadelphia 76ers,Sacramento Kings,0.9992621618382918
Utah Jazz,Boston Celtics,Utah Jazz,Boston Celtics,0.8618681812976391
Phoenix Suns,Milwaukee Bucks,Milwaukee Bucks,Phoenix Suns,0.6425625623539066
Los Angeles Lakers,Oklahoma City Thunder,Los Angeles Lakers,Oklahoma City Thunder,0.630391865996043
Denver Nuggets,Cleveland Cavaliers,Cleveland Cavaliers,Denver Nuggets,0.8641235072782523
Chicago Bulls,New Orleans Pelicans,New Orleans Pelicans,Chicago Bulls,0.9891526929282015
Memphis Grizzlies,Charlotte Hornets,Charlotte Hornets,Memphis Grizzlies,0.7227342770621387
Brooklyn Nets,Indiana Pacers,Indiana Pacers,Brooklyn Nets,0.6260762221668587
Washington Wizards,Toronto Raptors,Washington Wizards,Toronto Raptors,0.5040746508029826
Minnesota Timberwolves,Los Angeles Clippers,Los Angeles Clippers,Minnesota Timberwolves,0.8112318765686335
Dallas Mavericks,Atlanta Hawks,Dallas Mavericks,Atlanta Hawks,0.56662374289571
Portland Trail Blazers,Philadelphia 76ers,Philadelphia 76ers,Portland Trail Blazers,0.7527704230802224
Boston Celtics,Toronto Raptors,Boston Celtics,Toronto Raptors,0.6539688771948745
Houston Rockets,Miami Heat,Miami Heat,Houston Rockets,0.9695394080794464
Detroit Pistons,Indiana Pacers,Indiana Pacers,Detroit Pistons,0.8695503351823681
Golden State Warriors,Orlando Magic,Golden State Warriors,Orlando Magic,0.9819082183840228
Los Angeles Lakers,Memphis Grizzlies,Memphis Grizzlies,Los Angeles Lakers,0.7771187442606305
Portland Trail Blazers,Cleveland Cavaliers,Portland Trail Blazers,Cleveland Cavaliers,0.6587702612836002
Denver Nuggets,Oklahoma City Thunder,Oklahoma City Thunder,Denver Nuggets,0.6167492509664059
Sacramento Kings,Orlando Magic,Orlando Magic,Sacramento Kings,0.6241046517317412
Chicago Bulls,Los Angeles Clippers,Chicago Bulls,Los Angeles Clippers,0.7114907960836482
Utah Jazz,Milwaukee Bucks,Utah Jazz,Milwaukee Bucks,0.7229069505853623
Dallas Mavericks,New Orleans Pelicans,New Orleans Pelicans,Dallas Mavericks,0.9888219564909416
Atlanta Hawks,San Antonio Spurs,Atlanta Hawks,San Antonio Spurs,0.9314048097684485
Washington Wizards,New York Knicks,Washington Wizards,New York Knicks,0.658138084256938
Charlotte Hornets,Minnesota Timberwolves,Minnesota Timberwolves,Charlotte Hornets,0.6497642755578241
Boston Celtics,Detroit Pistons,Detroit Pistons,Boston Celtics,0.813870277105827
Phoenix Suns,Philadelphia 76ers,Philadelphia 76ers,Phoenix Suns,0.719494521591338
Atlanta Hawks,Indiana Pacers,Atlanta Hawks,Indiana Pacers,0.5644475019393703
New York Knicks,Houston Rockets,New York Knicks,Houston Rockets,0.9558145911459225
Golden State Warriors,Brooklyn Nets,Brooklyn Nets,Golden State Warriors,0.9053836418279063
Utah Jazz,Miami Heat,Utah Jazz,Miami Heat,0.9051763477124183
Sacramento Kings,Memphis Grizzlies,Memphis Grizzlies,Sacramento Kings,0.9962451839655747
Los Angeles Clippers,Cleveland Cavaliers,Los Angeles Clippers,Cleveland Cavaliers,0.689096539684843
Denver Nuggets,Los Angeles Lakers,Los Angeles Lakers,Denver Nuggets,0.9019089883232052
Oklahoma City Thunder,Milwaukee Bucks,Milwaukee Bucks,Oklahoma City Thunder,0.999002813351074
Phoenix Suns,Orlando Magic,Phoenix Suns,Orlando Magic,0.996606784250406
Toronto Raptors,Minnesota Timberwolves,Toronto Raptors,Minnesota Timberwolves,0.7675039029580134
Detroit Pistons,New Orleans Pelicans,New Orleans Pelicans,Detroit Pistons,0.995726560384892
Charlotte Hornets,San Antonio Spurs,Charlotte Hornets,San Antonio Spurs,0.7927201242432252
Washington Wizards,Boston Celtics,Boston Celtics,Washington Wizards,0.9594981459950609
Dallas Mavericks,Portland Trail Blazers,Dallas Mavericks,Portland Trail Blazers,0.9054533295940156
Sacramento Kings,Brooklyn Nets,Brooklyn Nets,Sacramento Kings,0.9988861909337999
Los Angeles Clippers,Miami Heat,Los Angeles Clippers,Miami Heat,0.7107101043795441
Utah Jazz,Philadelphia 76ers,Utah Jazz,Philadelphia 76ers,0.7378520901865677
Golden State Warriors,Cleveland Cavaliers,Cleveland Cavaliers,Golden State Warriors,0.7860580301335821
Washington Wizards,Houston Rockets,Houston Rockets,Washington Wizards,0.6476899329273971
Indiana Pacers,Chicago Bulls,Indiana Pacers,Chicago Bulls,0.8604994601043646
New York Knicks,Atlanta Hawks,New York Knicks,Atlanta Hawks,0.9390668042823775
Phoenix Suns,Brooklyn Nets,Brooklyn Nets,Phoenix Suns,0.6145246341903964
Boston Celtics,Denver Nuggets,Denver Nuggets,Boston Celtics,0.9578229589495308
Memphis Grizzlies,New Orleans Pelicans,New Orleans Pelicans,Memphis Grizzlies,0.997284561784958
Milwaukee Bucks,Toronto Raptors,Toronto Raptors,Milwaukee Bucks,0.55021524123783
Minnesota Timberwolves,Los Angeles Lakers,Los Angeles Lakers,Minnesota Timberwolves,0.972235012626316
Oklahoma City Thunder,Portland Trail Blazers,Portland Trail Blazers,Oklahoma City Thunder,0.8878991702065393
New Orleans Pelicans,Portland Trail Blazers,Portland Trail Blazers,New Orleans Pelicans,0.9023073168636022
Memphis Grizzlies,Oklahoma City Thunder,Oklahoma City Thunder,Memphis Grizzlies,0.8829002602686832
Los Angeles Clippers,Utah Jazz,Los Angeles Clippers,Utah Jazz,0.9830057426779545
Golden State Warriors,Miami Heat,Miami Heat,Golden State Warriors,0.8198607633627117
Washington Wizards,Denver Nuggets,Denver Nuggets,Washington Wizards,0.9829824339999825
Minnesota Timberwolves,Indiana Pacers,Indiana Pacers,Minnesota Timberwolves,0.9287853905619039
Chicago Bulls,Detroit Pistons,Detroit Pistons,Chicago Bulls,0.6355313430182563
Philadelphia 76ers,Houston Rockets,Philadelphia 76ers,Houston Rockets,0.7851832781647942
Boston Celtics,Atlanta Hawks,Atlanta Hawks,Boston Celtics,0.5854806817395635
Orlando Magic,New York Knicks,Orlando Magic,New York Knicks,0.7536507143120486
Milwaukee Bucks,Toronto Raptors,Toronto Raptors,Milwaukee Bucks,0.5047094213290002
Los Angeles Lakers,Brooklyn Nets,Brooklyn Nets,Los Angeles Lakers,0.8122866155515569
Sacramento Kings,Miami Heat,Miami Heat,Sacramento Kings,0.9968841443220111
Minnesota Timberwolves,Toronto Raptors,Toronto Raptors,Minnesota Timberwolves,0.5352189046882503
New Orleans Pelicans,Phoenix Suns,Phoenix Suns,New Orleans Pelicans,0.9952572358658848
Milwaukee Bucks,Oklahoma City Thunder,Oklahoma City Thunder,Milwaukee Bucks,0.8107703569699802
Memphis Grizzlies,Detroit Pistons,Detroit Pistons,Memphis Grizzlies,0.9312936893708036
Los Angeles Clippers,Utah Jazz,Los Angeles Clippers,Utah Jazz,0.9801818053901883
Boston Celtics,Atlanta Hawks,Atlanta Hawks,Boston Celtics,0.5556465714802903
Orlando Magic,Golden State Warriors,Golden State Warriors,Orlando Magic,0.8698736673307296
Cleveland Cavaliers,Denver Nuggets,Denver Nuggets,Cleveland Cavaliers,0.9979497929126756
Philadelphia 76ers,Chicago Bulls,Philadelphia 76ers,Chicago Bulls,0.6681843528709625
Charlotte Hornets,Golden State Warriors,Golden State Warriors,Charlotte Hornets,0.6872737437593925
Los Angeles Lakers,Miami Heat,Miami Heat,Los Angeles Lakers,0.6859791932042137
Chicago Bulls,Sacramento Kings,Sacramento Kings,Chicago Bulls,0.9931272693369131
Memphis Grizzlies,Phoenix Suns,Phoenix Suns,Memphis Grizzlies,0.9496433120979842
Portland Trail Blazers,Washington Wizards,Portland Trail Blazers,Washington Wizards,0.7729418870043914
Milwaukee Bucks,Sacramento Kings,Sacramento Kings,Milwaukee Bucks,0.9986861455186337
Los Angeles Clippers,Brooklyn Nets,Los Angeles Clippers,Brooklyn Nets,0.7699465142137543
Atlanta Hawks,Denver Nuggets,Denver Nuggets,Atlanta Hawks,0.7515435137670974
Toronto Raptors,Philadelphia 76ers,Philadelphia 76ers,Toronto Raptors,0.6830966718919756
New Orleans Pelicans,Boston Celtics,Boston Celtics,New Orleans Pelicans,0.999061481746401
New York Knicks,Minnesota Timberwolves,New York Knicks,Minnesota Timberwolves,0.7739252039230109
Cleveland Cavaliers,Oklahoma City Thunder,Oklahoma City Thunder,Cleveland Cavaliers,0.9622220521286471
Orlando Magic,Detroit Pistons,Detroit Pistons,Orlando Magic,0.78650219267168
Utah Jazz,Charlotte Hornets,Utah Jazz,Charlotte Hornets,0.9907708476123693
Los Angeles Lakers,Washington Wizards,Washington Wizards,Los Angeles Lakers,0.756553799393527
Phoenix Suns,Portland Trail Blazers,Phoenix Suns,Portland Trail Blazers,0.9922409142220073
Oklahoma City Thunder,Miami Heat,Miami Heat,Oklahoma City Thunder,0.9872081274693433
Dallas Mavericks,Memphis Grizzlies,Memphis Grizzlies,Dallas Mavericks,0.9220440228504861
Houston Rockets,Chicago Bulls,Chicago Bulls,Houston Rockets,0.8802339380280929
Cleveland Cavaliers,Atlanta Hawks,Atlanta Hawks,Cleveland Cavaliers,0.9772362767323536
Orlando Magic,Detroit Pistons,Detroit Pistons,Orlando Magic,0.7699923163319298
Brooklyn Nets,Sacramento Kings,Sacramento Kings,Brooklyn Nets,0.9724709827889063
Dallas Mavericks,Boston Celtics,Boston Celtics,Dallas Mavericks,0.8859492568334917
New York Knicks,Golden State Warriors,New York Knicks,Golden State Warriors,0.882310113299393
Toronto Raptors,Philadelphia 76ers,Philadelphia 76ers,Toronto Raptors,0.6600772282874781
Milwaukee Bucks,Minnesota Timberwolves,Minnesota Timberwolves,Milwaukee Bucks,0.9677003204574084
Denver Nuggets,Portland Trail Blazers,Denver Nuggets,Portland Trail Blazers,0.9229570199858476
Los Angeles Clippers,Washington Wizards,Los Angeles Clippers,Washington Wizards,0.8996327135019921
Utah Jazz,Los Angeles Lakers,Utah Jazz,Los Angeles Lakers,0.7218824292752337
Phoenix Suns,Charlotte Hornets,Phoenix Suns,Charlotte Hornets,0.9519193544696329
Oklahoma City Thunder,San Antonio Spurs,San Antonio Spurs,Oklahoma City Thunder,0.9036020276593144
New Orleans Pelicans,Detroit Pistons,Detroit Pistons,New Orleans Pelicans,0.9892267585865389
Chicago Bulls,Minnesota Timberwolves,Minnesota Timberwolves,Chicago Bulls,0.707233582912168
Indiana Pacers,Golden State Warriors,Indiana Pacers,Golden State Warriors,0.5855761792158929
Cleveland Cavaliers,Houston Rockets,Houston Rockets,Cleveland Cavaliers,0.9720155729447171
Atlanta Hawks,Boston Celtics,Boston Celtics,Atlanta Hawks,0.6842514943556084
Miami Heat,Toronto Raptors,Miami Heat,Toronto Raptors,0.7413997800464979
Philadelphia 76ers,Dallas Mavericks,Dallas Mavericks,Philadelphia 76ers,0.5958110676818829
Brooklyn Nets,Orlando Magic,Brooklyn Nets,Orlando Magic,0.9801185618997524
New York Knicks,Sacramento Kings,Sacramento Kings,New York Knicks,0.8041293336914122
Memphis Grizzlies,Los Angeles Clippers,Los Angeles Clippers,Memphis Grizzlies,0.5836780749390664
Denver Nuggets,Washington Wizards,Washington Wizards,Denver Nuggets,0.7653261088465468
Milwaukee Bucks,New Orleans Pelicans,New Orleans Pelicans,Milwaukee Bucks,0.9994025699398763
Miami Heat,Utah Jazz,Miami Heat,Utah Jazz,0.683617888923989
Golden State Warriors,Charlotte Hornets,Golden State Warriors,Charlotte Hornets,0.7095602320373036
Oklahoma City Thunder,Atlanta Hawks,Atlanta Hawks,Oklahoma City Thunder,0.9700977447822515
Memphis Grizzlies,Los Angeles Clippers,Los Angeles Clippers,Memphis Grizzlies,0.5623954853240856
Los Angeles Lakers,Portland Trail Blazers,Los Angeles Lakers,Portland Trail Blazers,0.9022491614846831
Chicago Bulls,Phoenix Suns,Phoenix Suns,Chicago Bulls,0.5774022498975895
Toronto Raptors,Houston Rockets,Toronto Raptors,Houston Rockets,0.9261668796893839
Boston Celtics,Indiana Pacers,Indiana Pacers,Boston Celtics,0.6293716164684355
Detroit Pistons,Sacramento Kings,Sacramento Kings,Detroit Pistons,0.9822784236368557
Philadelphia 76ers,Cleveland Cavaliers,Cleveland Cavaliers,Philadelphia 76ers,0.8765337070418686
Washington Wizards,Minnesota Timberwolves,Minnesota Timberwolves,Washington Wizards,0.8858406099230255
New York Knicks,Indiana Pacers,New York Knicks,Indiana Pacers,0.9058818761219242
Oklahoma City Thunder,Denver Nuggets,Denver Nuggets,Oklahoma City Thunder,0.9970112064297906
Orlando Magic,Utah Jazz,Utah Jazz,Orlando Magic,0.6149753296012141
San Antonio Spurs,New Orleans Pelicans,New Orleans Pelicans,San Antonio Spurs,0.980046442228299
Brooklyn Nets,Dallas Mavericks,Dallas Mavericks,Brooklyn Nets,0.5022379890258069
Minnesota Timberwolves,Phoenix Suns,Phoenix Suns,Minnesota Timberwolves,0.8460903223497804
Miami Heat,Atlanta Hawks,Atlanta Hawks,Miami Heat,0.5013447319582576
Los Angeles Lakers,Golden State Warriors,Golden State Warriors,Los Angeles Lakers,0.6115753003559338
Sacramento Kings,Charlotte Hornets,Charlotte Hornets,Sacramento Kings,0.9578849010686971
Detroit Pistons,New York Knicks,Detroit Pistons,New York Knicks,0.8921164390699885
Boston Celtics,Washington Wizards,Washington Wizards,Boston Celtics,0.8321603280486469
Milwaukee Bucks,Los Angeles Clippers,Los Angeles Clippers,Milwaukee Bucks,0.5757519070350023
Houston Rockets,Memphis Grizzlies,Memphis Grizzlies,Houston Rockets,0.9905961654798895
Houston Rockets,Cleveland Cavaliers,Cleveland Cavaliers,Houston Rockets,0.9820500914493913
San Antonio Spurs,Brooklyn Nets,Brooklyn Nets,San Antonio Spurs,0.8907547237471513
New Orleans Pelicans,Utah Jazz,Utah Jazz,New Orleans Pelicans,0.9730653006410064
Portland Trail Blazers,Charlotte Hornets,Portland Trail Blazers,Charlotte Hornets,0.9461220911596344
Philadelphia 76ers,Indiana Pacers,Indiana Pacers,Philadelphia 76ers,0.5852635642258228
Orlando Magic,Dallas Mavericks,Dallas Mavericks,Orlando Magic,0.8435961523919357
Chicago Bulls,Denver Nuggets,Denver Nuggets,Chicago Bulls,0.9037006308979949
Washington Wizards,Memphis Grizzlies,Memphis Grizzlies,Washington Wizards,0.9812800460016404
Boston Celtics,Los Angeles Clippers,Boston Celtics,Los Angeles Clippers,0.866062174596885
Miami Heat,Atlanta Hawks,Miami Heat,Atlanta Hawks,0.5334058355974861
San Antonio Spurs,New York Knicks,San Antonio Spurs,New York Knicks,0.9496188084426331
Milwaukee Bucks,Denver Nuggets,Denver Nuggets,Milwaukee Bucks,0.9878056447158258
Los Angeles Lakers,Phoenix Suns,Phoenix Suns,Los Angeles Lakers,0.5081069888851422
Sacramento Kings,Los Angeles Lakers,Los Angeles Lakers,Sacramento Kings,0.9993601442086905
Portland Trail Blazers,Golden State Warriors,Portland Trail Blazers,Golden State Warriors,0.9114115507897942
Dallas Mavericks,Oklahoma City Thunder,Dallas Mavericks,Oklahoma City Thunder,0.6730152951374249
Orlando Magic,Atlanta Hawks,Atlanta Hawks,Orlando Magic,0.7716971047229785
New Orleans Pelicans,Chicago Bulls,Chicago Bulls,New Orleans Pelicans,0.9949712248837986
Houston Rockets,Brooklyn Nets,Brooklyn Nets,Houston Rockets,0.9925217522270265
Toronto Raptors,Detroit Pistons,Toronto Raptors,Detroit Pistons,0.9152807475669323
Philadelphia 76ers,Utah Jazz,Philadelphia 76ers,Utah Jazz,0.7790300027183722
Cleveland Cavaliers,Indiana Pacers,Indiana Pacers,Cleveland Cavaliers,0.9841298506197405
Minnesota Timberwolves,Charlotte Hornets,Charlotte Hornets,Minnesota Timberwolves,0.8076027902296226
Portland Trail Blazers,Sacramento Kings,Sacramento Kings,Portland Trail Blazers,0.7954424040414985
Phoenix Suns,Golden State Warriors,Phoenix Suns,Golden State Warriors,0.9101162572615227
San Antonio Spurs,Oklahoma City Thunder,San Antonio Spurs,Oklahoma City Thunder,0.7353545428384778
Memphis Grizzlies,Milwaukee Bucks,Milwaukee Bucks,Memphis Grizzlies,0.9994074714382178
New Orleans Pelicans,Miami Heat,Miami Heat,New Orleans Pelicans,0.9927453817192088
New York Knicks,Detroit Pistons,New York Knicks,Detroit Pistons,0.9303644202789687
Washington Wizards,Los Angeles Clippers,Washington Wizards,Los Angeles Clippers,0.5550008228356332
Boston Celtics,Toronto Raptors,Boston Celtics,Toronto Raptors,0.8371660033532569
Indiana Pacers,Denver Nuggets,Denver Nuggets,Indiana Pacers,0.6226704060367254
Memphis Grizzlies,Washington Wizards,Washington Wizards,Memphis Grizzlies,0.960132195094776
Dallas Mavericks,San Antonio Spurs,Dallas Mavericks,San Antonio Spurs,0.8579753086271668
Oklahoma City Thunder,Dallas Mavericks,Dallas Mavericks,Oklahoma City Thunder,0.975375050036377
Portland Trail Blazers,Phoenix Suns,Portland Trail Blazers,Phoenix Suns,0.948485204508082
Sacramento Kings,Houston Rockets,Houston Rockets,Sacramento Kings,0.9738703259383455
Los Angeles Clippers,Golden State Warriors,Los Angeles Clippers,Golden State Warriors,0.9418422971787433
New Orleans Pelicans,Minnesota Timberwolves,Minnesota Timberwolves,New Orleans Pelicans,0.9964728376653363
Brooklyn Nets,Boston Celtics,Boston Celtics,Brooklyn Nets,0.6520678350986293
Miami Heat,Orlando Magic,Miami Heat,Orlando Magic,0.9420520955705529
Chicago Bulls,Philadelphia 76ers,Philadelphia 76ers,Chicago Bulls,0.9679118249385165
Toronto Raptors,Atlanta Hawks,Toronto Raptors,Atlanta Hawks,0.8950477305766342
Charlotte Hornets,Detroit Pistons,Detroit Pistons,Charlotte Hornets,0.5937412386032104
Milwaukee Bucks,New York Knicks,New York Knicks,Milwaukee Bucks,0.5417024463428909
Utah Jazz,Houston Rockets,Utah Jazz,Houston Rockets,0.9841720821336701
Memphis Grizzlies,Denver Nuggets,Denver Nuggets,Memphis Grizzlies,0.9762961795987228
New Orleans Pelicans,Cleveland Cavaliers,Cleveland Cavaliers,New Orleans Pelicans,0.998944590638345
Washington Wizards,Philadelphia 76ers,Philadelphia 76ers,Washington Wizards,0.9885239481375444
Chicago Bulls,Miami Heat,Chicago Bulls,Miami Heat,0.5045791279584521
San Antonio Spurs,Orlando Magic,San Antonio Spurs,Orlando Magic,0.9731654155122037
Los Angeles Lakers,Indiana Pacers,Indiana Pacers,Los Angeles Lakers,0.650241619995971
Denver Nuggets,Dallas Mavericks,Denver Nuggets,Dallas Mavericks,0.6729713438790814
Phoenix Suns,Indiana Pacers,Phoenix Suns,Indiana Pacers,0.9179727068339545
Atlanta Hawks,Sacramento Kings,Sacramento Kings,Atlanta Hawks,0.9597863105442451
Minnesota Timberwolves,Portland Trail Blazers,Minnesota Timberwolves,Portland Trail Blazers,0.7155863229588044
Charlotte Hornets,Toronto Raptors,Charlotte Hornets,Toronto Raptors,0.7974626504340583
Washington Wizards,Milwaukee Bucks,Milwaukee Bucks,Washington Wizards,0.9989954188414587
Brooklyn Nets,Detroit Pistons,Brooklyn Nets,Detroit Pistons,0.6898203120485867
Oklahoma City Thunder,New York Knicks,New York Knicks,Oklahoma City Thunder,0.8005976475935656
New Orleans Pelicans,Los Angeles Clippers,Los Angeles Clippers,New Orleans Pelicans,0.9725404474715256
Chicago Bulls,Toronto Raptors,Chicago Bulls,Toronto Raptors,0.8214988676191572
Minnesota Timberwolves,Portland Trail Blazers,Minnesota Timberwolves,Portland Trail Blazers,0.6807825696260579
Houston Rockets,Boston Celtics,Boston Celtics,Houston Rockets,0.9590486765662931
Atlanta Hawks,Cleveland Cavaliers,Cleveland Cavaliers,Atlanta Hawks,0.6858327445744403
Orlando Magic,Miami Heat,Miami Heat,Orlando Magic,0.8513492479289748
Philadelphia 76ers,San Antonio Spurs,Philadelphia 76ers,San Antonio Spurs,0.8431924117604462
Golden State Warriors,Utah Jazz,Golden State Warriors,Utah Jazz,0.8166318197035574
Oklahoma City Thunder,Memphis Grizzlies,Memphis Grizzlies,Oklahoma City Thunder,0.9989497836838197
Golden State Warriors,Los Angeles Lakers,Los Angeles Lakers,Golden State Warriors,0.9644775824443065
Phoenix Suns,Memphis Grizzlies,Phoenix Suns,Memphis Grizzlies,0.5060499059179017
Denver Nuggets,Indiana Pacers,Denver Nuggets,Indiana Pacers,0.5308265651263505
Dallas Mavericks,Los Angeles Clippers,Dallas Mavericks,Los Angeles Clippers,0.9170802261068596
Brooklyn Nets,New York Knicks,Brooklyn Nets,New York Knicks,0.9647816192752635
Washington Wizards,Milwaukee Bucks,Milwaukee Bucks,Washington Wizards,0.9988047183637297
Charlotte Hornets,Sacramento Kings,Sacramento Kings,Charlotte Hornets,0.9819186322660234
Detroit Pistons,San Antonio Spurs,Detroit Pistons,San Antonio Spurs,0.6196653721242817
Boston Celtics,Utah Jazz,Boston Celtics,Utah Jazz,0.6964756624906495
Chicago Bulls,Oklahoma City Thunder,Oklahoma City Thunder,Chicago Bulls,0.5743098653488448
Houston Rockets,Atlanta Hawks,Atlanta Hawks,Houston Rockets,0.9532782689233404
Miami Heat,Cleveland Cavaliers,Cleveland Cavaliers,Miami Heat,0.7785473163849796
Philadelphia 76ers,New York Knicks,Philadelphia 76ers,New York Knicks,0.9554000515412894
Portland Trail Blazers,New Orleans Pelicans,New Orleans Pelicans,Portland Trail Blazers,0.9787186104987876
Los Angeles Lakers,Minnesota Timberwolves,Los Angeles Lakers,Minnesota Timberwolves,0.5026507487355707
Houston Rockets,Golden State Warriors,Golden State Warriors,Houston Rockets,0.9448576627881704
Dallas Mavericks,Los Angeles Clippers,Dallas Mavericks,Los Angeles Clippers,0.9036120954215683
Denver Nuggets,Charlotte Hornets,Denver Nuggets,Charlotte Hornets,0.7354231724034662
Cleveland Cavaliers,Boston Celtics,Boston Celtics,Cleveland Cavaliers,0.97930234842964
Memphis Grizzlies,Miami Heat,Miami Heat,Memphis Grizzlies,0.9399711630218901
Washington Wizards,Sacramento Kings,Sacramento Kings,Washington Wizards,0.9946332308140445
Philadelphia 76ers,Milwaukee Bucks,Milwaukee Bucks,Philadelphia 76ers,0.9830783274263603
Indiana Pacers,Brooklyn Nets,Brooklyn Nets,Indiana Pacers,0.8090335769664568
Detroit Pistons,Toronto Raptors,Detroit Pistons,Toronto Raptors,0.7062018865350637
Chicago Bulls,San Antonio Spurs,Chicago Bulls,San Antonio Spurs,0.6470700618342253
Washington Wizards,Utah Jazz,Utah Jazz,Washington Wizards,0.8379469053466231
Atlanta Hawks,Oklahoma City Thunder,Atlanta Hawks,Oklahoma City Thunder,0.6325114499502736
New York Knicks,Orlando Magic,New York Knicks,Orlando Magic,0.9938149476904593
Phoenix Suns,Minnesota Timberwolves,Phoenix Suns,Minnesota Timberwolves,0.9437619483395887
Portland Trail Blazers,New Orleans Pelicans,New Orleans Pelicans,Portland Trail Blazers,0.9747759357905482
Los Angeles Lakers,Charlotte Hornets,Los Angeles Lakers,Charlotte Hornets,0.5326861386774832
Portland Trail Blazers,Dallas Mavericks,Portland Trail Blazers,Dallas Mavericks,0.9372736259282533
Denver Nuggets,Chicago Bulls,Denver Nuggets,Chicago Bulls,0.6686935453441122
Toronto Raptors,Utah Jazz,Toronto Raptors,Utah Jazz,0.8892393464219408
Orlando Magic,Brooklyn Nets,Brooklyn Nets,Orlando Magic,0.9791424174284337
Phoenix Suns,Minnesota Timberwolves,Phoenix Suns,Minnesota Timberwolves,0.9399517160748071
Memphis Grizzlies,Golden State Warriors,Golden State Warriors,Memphis Grizzlies,0.9363133443263564
Houston Rockets,Detroit Pistons,Detroit Pistons,Houston Rockets,0.8518064765390143
Cleveland Cavaliers,San Antonio Spurs,San Antonio Spurs,Cleveland Cavaliers,0.9533922157630849
Boston Celtics,Sacramento Kings,Sacramento Kings,Boston Celtics,0.9343133748937551
Miami Heat,Indiana Pacers,Indiana Pacers,Miami Heat,0.7676795234604183
Los Angeles Lakers,Atlanta Hawks,Atlanta Hawks,Los Angeles Lakers,0.6188323621195042
Memphis Grizzlies,Golden State Warriors,Golden State Warriors,Memphis Grizzlies,0.928073996041592
Philadelphia 76ers,Sacramento Kings,Sacramento Kings,Philadelphia 76ers,0.9077480848910336
Milwaukee Bucks,San Antonio Spurs,San Antonio Spurs,Milwaukee Bucks,0.7897577892781413
Los Angeles Clippers,Charlotte Hornets,Los Angeles Clippers,Charlotte Hornets,0.9631666442349244
Portland Trail Blazers,Dallas Mavericks,Portland Trail Blazers,Dallas Mavericks,0.9250336666900141
Phoenix Suns,Los Angeles Lakers,Los Angeles Lakers,Phoenix Suns,0.7222416547569909
New York Knicks,Philadelphia 76ers,Philadelphia 76ers,New York Knicks,0.6580558308870832
Detroit Pistons,Chicago Bulls,Chicago Bulls,Detroit Pistons,0.5552625783380373
Cleveland Cavaliers,Toronto Raptors,Toronto Raptors,Cleveland Cavaliers,0.9077100736108739
Houston Rockets,Oklahoma City Thunder,Oklahoma City Thunder,Houston Rockets,0.9391376990607776
Boston Celtics,Orlando Magic,Boston Celtics,Orlando Magic,0.9340127154523211
Denver Nuggets,New Orleans Pelicans,New Orleans Pelicans,Denver Nuggets,0.990742094252049
Miami Heat,Indiana Pacers,Indiana Pacers,Miami Heat,0.7452530529272419
Brooklyn Nets,Washington Wizards,Washington Wizards,Brooklyn Nets,0.7961309636159422
Memphis Grizzlies,Boston Celtics,Boston Celtics,Memphis Grizzlies,0.9646113472698659
Los Angeles Clippers,Atlanta Hawks,Los Angeles Clippers,Atlanta Hawks,0.9604885292998622
Milwaukee Bucks,Indiana Pacers,Indiana Pacers,Milwaukee Bucks,0.9308738241440293
Houston Rockets,Toronto Raptors,Toronto Raptors,Houston Rockets,0.7740183882716507
San Antonio Spurs,Charlotte Hornets,San Antonio Spurs,Charlotte Hornets,0.6693617890773076
Chicago Bulls,Utah Jazz,Chicago Bulls,Utah Jazz,0.5887104838101278
Minnesota Timberwolves,Oklahoma City Thunder,Oklahoma City Thunder,Minnesota Timberwolves,0.8115910812499922
Cleveland Cavaliers,Sacramento Kings,Sacramento Kings,Cleveland Cavaliers,0.9977612786636177
Orlando Magic,Denver Nuggets,Denver Nuggets,Orlando Magic,0.9464394679099418
New Orleans Pelicans,Los Angeles Lakers,Los Angeles Lakers,New Orleans Pelicans,0.9997323241066649
New York Knicks,Washington Wizards,New York Knicks,Washington Wizards,0.6419925704972639
Miami Heat,Phoenix Suns,Phoenix Suns,Miami Heat,0.5415571737220277
Golden State Warriors,Philadelphia 76ers,Philadelphia 76ers,Golden State Warriors,0.8874661208124566
Portland Trail Blazers,Brooklyn Nets,Brooklyn Nets,Portland Trail Blazers,0.534480639420075
Utah Jazz,Brooklyn Nets,Utah Jazz,Brooklyn Nets,0.7632715763020836
Sacramento Kings,Atlanta Hawks,Atlanta Hawks,Sacramento Kings,0.9529102379556323
San Antonio Spurs,Los Angeles Clippers,San Antonio Spurs,Los Angeles Clippers,0.9241484590579326
Orlando Magic,Phoenix Suns,Phoenix Suns,Orlando Magic,0.7798385808135772
Oklahoma City Thunder,Memphis Grizzlies,Memphis Grizzlies,Oklahoma City Thunder,0.9993055005006964
Minnesota Timberwolves,Dallas Mavericks,Dallas Mavericks,Minnesota Timberwolves,0.8617862689511502
Houston Rockets,Charlotte Hornets,Charlotte Hornets,Houston Rockets,0.9574325289687264
Toronto Raptors,Denver Nuggets,Toronto Raptors,Denver Nuggets,0.6981443128828414
Milwaukee Bucks,Boston Celtics,Boston Celtics,Milwaukee Bucks,0.9387869682378834
Indiana Pacers,Detroit Pistons,Indiana Pacers,Detroit Pistons,0.8624690949172752
Chicago Bulls,Cleveland Cavaliers,Cleveland Cavaliers,Chicago Bulls,0.7710823485989076
Sacramento Kings,Golden State Warriors,Golden State Warriors,Sacramento Kings,0.945019951982597
Miami Heat,Portland Trail Blazers,Miami Heat,Portland Trail Blazers,0.775691268047879
New York Knicks,Washington Wizards,New York Knicks,Washington Wizards,0.6073344150992411
San Antonio Spurs,Los Angeles Clippers,San Antonio Spurs,Los Angeles Clippers,0.9103072757939215
Los Angeles Lakers,Philadelphia 76ers,Philadelphia 76ers,Los Angeles Lakers,0.9434945599242958
Utah Jazz,Memphis Grizzlies,Utah Jazz,Memphis Grizzlies,0.5444314346133319
Golden State Warriors,Atlanta Hawks,Golden State Warriors,Atlanta Hawks,0.7437631252552449
Orlando Magic,Portland Trail Blazers,Portland Trail Blazers,Orlando Magic,0.5561014032420735
Los Angeles Lakers,Cleveland Cavaliers,Cleveland Cavaliers,Los Angeles Lakers,0.7871051503988531
New Orleans Pelicans,Denver Nuggets,Denver Nuggets,New Orleans Pelicans,0.9981691180915866
Dallas Mavericks,Indiana Pacers,Dallas Mavericks,Indiana Pacers,0.6344097518032641
Charlotte Hornets,Miami Heat,Miami Heat,Charlotte Hornets,0.7862460526559398
Toronto Raptors,Phoenix Suns,Toronto Raptors,Phoenix Suns,0.9358192771261528
Milwaukee Bucks,Boston Celtics,Boston Celtics,Milwaukee Bucks,0.93250539375252
Detroit Pistons,Brooklyn Nets,Brooklyn Nets,Detroit Pistons,0.949777866189387
Minnesota Timberwolves,Houston Rockets,Houston Rockets,Minnesota Timberwolves,0.9673972671122981
Milwaukee Bucks,New York Knicks,Milwaukee Bucks,New York Knicks,0.583198177627598
Minnesota Timberwolves,Houston Rockets,Houston Rockets,Minnesota Timberwolves,0.9608849434674357
Washington Wizards,Detroit Pistons,Detroit Pistons,Washington Wizards,0.8738394543485916
San Antonio Spurs,Chicago Bulls,San Antonio Spurs,Chicago Bulls,0.7932788552416442
New Orleans Pelicans,Dallas Mavericks,Dallas Mavericks,New Orleans Pelicans,0.9870920810822534
Oklahoma City Thunder,Boston Celtics,Boston Celtics,Oklahoma City Thunder,0.9770611881096466
Utah Jazz,Memphis Grizzlies,Utah Jazz,Memphis Grizzlies,0.5206119745515808
Los Angeles Clippers,Philadelphia 76ers,Los Angeles Clippers,Philadelphia 76ers,0.6195556288587567
Sacramento Kings,Cleveland Cavaliers,Cleveland Cavaliers,Sacramento Kings,0.977203730428408
Los Angeles Lakers,Orlando Magic,Los Angeles Lakers,Orlando Magic,0.8474462397925491
Denver Nuggets,Atlanta Hawks,Denver Nuggets,Atlanta Hawks,0.5289359463275402
Charlotte Hornets,Phoenix Suns,Phoenix Suns,Charlotte Hornets,0.6624269821115052
Toronto Raptors,Portland Trail Blazers,Toronto Raptors,Portland Trail Blazers,0.9827658892984831
Los Angeles Clippers,Milwaukee Bucks,Milwaukee Bucks,Los Angeles Clippers,0.8574283888925959
Golden State Warriors,Chicago Bulls,Golden State Warriors,Chicago Bulls,0.738513372434852
Utah Jazz,Cleveland Cavaliers,Utah Jazz,Cleveland Cavaliers,0.9701847639370156
San Antonio Spurs,Sacramento Kings,Sacramento Kings,San Antonio Spurs,0.8696868487582483
Houston Rockets,Memphis Grizzlies,Memphis Grizzlies,Houston Rockets,0.998288982819566
Oklahoma City Thunder,Dallas Mavericks,Dallas Mavericks,Oklahoma City Thunder,0.952907952664227
New York Knicks,Miami Heat,New York Knicks,Miami Heat,0.9024172342551269
Brooklyn Nets,Minnesota Timberwolves,Minnesota Timberwolves,Brooklyn Nets,0.6978066648266477
Boston Celtics,New Orleans Pelicans,New Orleans Pelicans,Boston Celtics,0.9919848364654279
Washington Wizards,Indiana Pacers,Indiana Pacers,Washington Wizards,0.9409756260673393
Detroit Pistons,Toronto Raptors,Detroit Pistons,Toronto Raptors,0.9219549071979235
Phoenix Suns,Atlanta Hawks,Phoenix Suns,Atlanta Hawks,0.8984388573212063
Washington Wizards,Charlotte Hornets,Charlotte Hornets,Washington Wizards,0.9445249724106692
Denver Nuggets,Philadelphia 76ers,Philadelphia 76ers,Denver Nuggets,0.9121812659809558
Los Angeles Clippers,Orlando Magic,Los Angeles Clippers,Orlando Magic,0.9934530249717362
Phoenix Suns,Chicago Bulls,Phoenix Suns,Chicago Bulls,0.9106217030040571
Oklahoma City Thunder,Toronto Raptors,Toronto Raptors,Oklahoma City Thunder,0.8088832846993235
Los Angeles Lakers,Milwaukee Bucks,Milwaukee Bucks,Los Angeles Lakers,0.9929311585106978
San Antonio Spurs,Sacramento Kings,Sacramento Kings,San Antonio Spurs,0.8508890327515433
Minnesota Timberwolves,New York Knicks,Minnesota Timberwolves,New York Knicks,0.6710887819502774
Boston Celtics,Dallas Mavericks,Boston Celtics,Dallas Mavericks,0.7879787014196444
Brooklyn Nets,Houston Rockets,Houston Rockets,Brooklyn Nets,0.6070307360458119
Indiana Pacers,Miami Heat,Indiana Pacers,Miami Heat,0.6204309205928762
Detroit Pistons,Portland Trail Blazers,Detroit Pistons,Portland Trail Blazers,0.8008353831292434
Memphis Grizzlies,Utah Jazz,Utah Jazz,Memphis Grizzlies,0.865203714556307
Cleveland Cavaliers,Philadelphia 76ers,Philadelphia 76ers,Cleveland Cavaliers,0.9968523859804341
Detroit Pistons,Washington Wizards,Washington Wizards,Detroit Pistons,0.9599067538570092
Brooklyn Nets,Charlotte Hornets,Brooklyn Nets,Charlotte Hornets,0.5477565400540908
Miami Heat,Golden State Warriors,Miami Heat,Golden State Warriors,0.581887550494235
New Orleans Pelicans,Orlando Magic,Orlando Magic,New Orleans Pelicans,0.9426618884197748
San Antonio Spurs,Atlanta Hawks,San Antonio Spurs,Atlanta Hawks,0.6064050907509372
Los Angeles Clippers,Denver Nuggets,Los Angeles Clippers,Denver Nuggets,0.8183768858965754
Sacramento Kings,Los Angeles Lakers,Los Angeles Lakers,Sacramento Kings,0.9993645268339043
Portland Trail Blazers,Milwaukee Bucks,Milwaukee Bucks,Portland Trail Blazers,0.9095252313781661
Phoenix Suns,Oklahoma City Thunder,Phoenix Suns,Oklahoma City Thunder,0.9407508845509127
Utah Jazz,Chicago Bulls,Utah Jazz,Chicago Bulls,0.9698788810715834
New Orleans Pelicans,Atlanta Hawks,Atlanta Hawks,New Orleans Pelicans,0.9973523976366193
Memphis Grizzlies,Minnesota Timberwolves,Minnesota Timberwolves,Memphis Grizzlies,0.9726185441061561
Indiana Pacers,Charlotte Hornets,Indiana Pacers,Charlotte Hornets,0.734315570470014
New York Knicks,Dallas Mavericks,New York Knicks,Dallas Mavericks,0.9593337096130113
Boston Celtics,Houston Rockets,Boston Celtics,Houston Rockets,0.5249765965581916
Toronto Raptors,Golden State Warriors,Toronto Raptors,Golden State Warriors,0.9512638856633743
Washington Wizards,Dallas Mavericks,Dallas Mavericks,Washington Wizards,0.8999088410656577
Detroit Pistons,New York Knicks,Detroit Pistons,New York Knicks,0.9366200886782343
Miami Heat,Cleveland Cavaliers,Cleveland Cavaliers,Miami Heat,0.7609913915287255
Philadelphia 76ers,Minnesota Timberwolves,Philadelphia 76ers,Minnesota Timberwolves,0.553244667214161
San Antonio Spurs,Indiana Pacers,San Antonio Spurs,Indiana Pacers,0.7825761293084815
Utah Jazz,Orlando Magic,Utah Jazz,Orlando Magic,0.9985984724224539
Portland Trail Blazers,Oklahoma City Thunder,Portland Trail Blazers,Oklahoma City Thunder,0.84031063043792
Sacramento Kings,Milwaukee Bucks,Milwaukee Bucks,Sacramento Kings,0.9991131493556205
Houston Rockets,New Orleans Pelicans,New Orleans Pelicans,Houston Rockets,0.9997512443828153
Atlanta Hawks,Golden State Warriors,Atlanta Hawks,Golden State Warriors,0.7069329524451413
Philadelphia 76ers,Memphis Grizzlies,Memphis Grizzlies,Philadelphia 76ers,0.9594711618219565
Denver Nuggets,Orlando Magic,Denver Nuggets,Orlando Magic,0.9252462854166511
Los Angeles Clippers,Los Angeles Lakers,Los Angeles Lakers,Los Angeles Clippers,0.7279591319961085
Chicago Bulls,Brooklyn Nets,Brooklyn Nets,Chicago Bulls,0.9684566913776074
Boston Celtics,Charlotte Hornets,Boston Celtics,Charlotte Hornets,0.5633125279397964
Brooklyn Nets,New York Knicks,Brooklyn Nets,New York Knicks,0.952511812166023
Dallas Mavericks,Utah Jazz,Dallas Mavericks,Utah Jazz,0.8809726370690404
Minnesota Timberwolves,Sacramento Kings,Sacramento Kings,Minnesota Timberwolves,0.9937982950550706
Oklahoma City Thunder,Detroit Pistons,Detroit Pistons,Oklahoma City Thunder,0.9473277533014183
San Antonio Spurs,Cleveland Cavaliers,San Antonio Spurs,Cleveland Cavaliers,0.7410600855128598
Toronto Raptors,Washington Wizards,Washington Wizards,Toronto Raptors,0.6447232044843876
Houston Rockets,Phoenix Suns,Phoenix Suns,Houston Rockets,0.8826301604680908
Los Angeles Clippers,Portland Trail Blazers,Los Angeles Clippers,Portland Trail Blazers,0.9854875971625491
Golden State Warriors,Milwaukee Bucks,Milwaukee Bucks,Golden State Warriors,0.9428230729697173
Denver Nuggets,Detroit Pistons,Denver Nuggets,Detroit Pistons,0.8092210688835921
Miami Heat,Memphis Grizzlies,Memphis Grizzlies,Miami Heat,0.9845512629458799
Indiana Pacers,Chicago Bulls,Indiana Pacers,Chicago Bulls,0.5569454411613083
Boston Celtics,Philadelphia 76ers,Philadelphia 76ers,Boston Celtics,0.8754684174098436
Atlanta Hawks,New Orleans Pelicans,New Orleans Pelicans,Atlanta Hawks,0.9925268667339637
Toronto Raptors,Los Angeles Lakers,Los Angeles Lakers,Toronto Raptors,0.8369730489672341
Oklahoma City Thunder,Charlotte Hornets,Charlotte Hornets,Oklahoma City Thunder,0.9903972782743206
Phoenix Suns,Utah Jazz,Phoenix Suns,Utah Jazz,0.9790846590412925
Denver Nuggets,San Antonio Spurs,Denver Nuggets,San Antonio Spurs,0.9382897140321466
Houston Rockets,Dallas Mavericks,Dallas Mavericks,Houston Rockets,0.8753253917684284
Indiana Pacers,Minnesota Timberwolves,Indiana Pacers,Minnesota Timberwolves,0.5823447245357786
Brooklyn Nets,New Orleans Pelicans,New Orleans Pelicans,Brooklyn Nets,0.9901919107605374
Boston Celtics,New York Knicks,Boston Celtics,New York Knicks,0.9467086951602653
Orlando Magic,Washington Wizards,Washington Wizards,Orlando Magic,0.9882787279646874
Atlanta Hawks,Memphis Grizzlies,Memphis Grizzlies,Atlanta Hawks,0.9349924198382782
Miami Heat,Los Angeles Lakers,Los Angeles Lakers,Miami Heat,0.9889925832309509
Toronto Raptors,Chicago Bulls,Toronto Raptors,Chicago Bulls,0.7435093738928077
Oklahoma City Thunder,Cleveland Cavaliers,Cleveland Cavaliers,Oklahoma City Thunder,0.9916727859035794
Dallas Mavericks,Milwaukee Bucks,Milwaukee Bucks,Dallas Mavericks,0.9241467039794752
Los Angeles Clippers,Phoenix Suns,Los Angeles Clippers,Phoenix Suns,0.9827024234482433
Sacramento Kings,Detroit Pistons,Detroit Pistons,Sacramento Kings,0.8797530491405202
Utah Jazz,Portland Trail Blazers,Utah Jazz,Portland Trail Blazers,0.9923066836276843
Milwaukee Bucks,Charlotte Hornets,Charlotte Hornets,Milwaukee Bucks,0.8449511772609646
Golden State Warriors,Washington Wizards,Washington Wizards,Golden State Warriors,0.8555001025176747
Los Angeles Clippers,Houston Rockets,Los Angeles Clippers,Houston Rockets,0.9105956201427109
Denver Nuggets,San Antonio Spurs,Denver Nuggets,San Antonio Spurs,0.9319608104286973
Boston Celtics,Minnesota Timberwolves,Minnesota Timberwolves,Boston Celtics,0.5943864742417506
Atlanta Hawks,Chicago Bulls,Chicago Bulls,Atlanta Hawks,0.7257212730256725
Orlando Magic,Indiana Pacers,Indiana Pacers,Orlando Magic,0.8644082452929308
New Orleans Pelicans,Philadelphia 76ers,Philadelphia 76ers,New Orleans Pelicans,0.9991338968151446
New York Knicks,Memphis Grizzlies,Memphis Grizzlies,New York Knicks,0.5993615015197943
Cleveland Cavaliers,Toronto Raptors,Toronto Raptors,Cleveland Cavaliers,0.6992007698315168
Brooklyn Nets,Los Angeles Lakers,Los Angeles Lakers,Brooklyn Nets,0.9565008593819886
Oklahoma City Thunder,Philadelphia 76ers,Philadelphia 76ers,Oklahoma City Thunder,0.9985318623891315
Utah Jazz,Sacramento Kings,Utah Jazz,Sacramento Kings,0.6646134100783146
Golden State Warriors,Houston Rockets,Houston Rockets,Golden State Warriors,0.6355433975260911
Phoenix Suns,Washington Wizards,Phoenix Suns,Washington Wizards,0.6344638925299464
Portland Trail Blazers,Detroit Pistons,Portland Trail Blazers,Detroit Pistons,0.9569626938680144
Minnesota Timberwolves,Chicago Bulls,Chicago Bulls,Minnesota Timberwolves,0.9411459764723137
Portland Trail Blazers,Miami Heat,Portland Trail Blazers,Miami Heat,0.5987651800107469
Los Angeles Clippers,Detroit Pistons,Los Angeles Clippers,Detroit Pistons,0.9888045712836137
New York Knicks,Toronto Raptors,New York Knicks,Toronto Raptors,0.9919597210180264
Memphis Grizzlies,Indiana Pacers,Indiana Pacers,Memphis Grizzlies,0.8929997557953389
Dallas Mavericks,San Antonio Spurs,Dallas Mavericks,San Antonio Spurs,0.9442795385857817
Orlando Magic,Milwaukee Bucks,Milwaukee Bucks,Orlando Magic,0.9955599750609407
Cleveland Cavaliers,New Orleans Pelicans,New Orleans Pelicans,Cleveland Cavaliers,0.9997492917473343
Denver Nuggets,Boston Celtics,Denver Nuggets,Boston Celtics,0.5304260322458608
Charlotte Hornets,Atlanta Hawks,Atlanta Hawks,Charlotte Hornets,0.8828597998492311
Dallas Mavericks,Philadelphia 76ers,Philadelphia 76ers,Dallas Mavericks,0.7775258286127312
New York Knicks,Los Angeles Lakers,Los Angeles Lakers,New York Knicks,0.6940797168793997
Orlando Magic,San Antonio Spurs,San Antonio Spurs,Orlando Magic,0.5307984494451862
Memphis Grizzlies,Chicago Bulls,Chicago Bulls,Memphis Grizzlies,0.9472941336230749
New Orleans Pelicans,Sacramento Kings,Sacramento Kings,New Orleans Pelicans,0.9997086846472724
Utah Jazz,Washington Wizards,Utah Jazz,Washington Wizards,0.8529951240877297
Golden State Warriors,Denver Nuggets,Denver Nuggets,Golden State Warriors,0.6474071177865764
Phoenix Suns,Houston Rockets,Phoenix Suns,Houston Rockets,0.8898074973642904
Phoenix Suns,Miami Heat,Phoenix Suns,Miami Heat,0.7515056721334783
Utah Jazz,Oklahoma City Thunder,Utah Jazz,Oklahoma City Thunder,0.9651114306654847
Portland Trail Blazers,Boston Celtics,Portland Trail Blazers,Boston Celtics,0.8107338340249556
Charlotte Hornets,Los Angeles Lakers,Los Angeles Lakers,Charlotte Hornets,0.9798478115426328
Indiana Pacers,Los Angeles Clippers,Indiana Pacers,Los Angeles Clippers,0.9663467598020173
Toronto Raptors,Atlanta Hawks,Toronto Raptors,Atlanta Hawks,0.7361454720207772
Minnesota Timberwolves,Brooklyn Nets,Brooklyn Nets,Minnesota Timberwolves,0.9949290595533469
Minnesota Timberwolves,Milwaukee Bucks,Milwaukee Bucks,Minnesota Timberwolves,0.9961928683386616
Charlotte Hornets,Cleveland Cavaliers,Cleveland Cavaliers,Charlotte Hornets,0.8463178328723747
Philadelphia 76ers,Brooklyn Nets,Brooklyn Nets,Philadelphia 76ers,0.8940855047232007
Toronto Raptors,San Antonio Spurs,Toronto Raptors,San Antonio Spurs,0.9845742870690234
Chicago Bulls,Orlando Magic,Chicago Bulls,Orlando Magic,0.8641729290306384
New Orleans Pelicans,New York Knicks,New York Knicks,New Orleans Pelicans,0.9364859382401257
Houston Rockets,Indiana Pacers,Indiana Pacers,Houston Rockets,0.8949488088814689
Oklahoma City Thunder,Golden State Warriors,Golden State Warriors,Oklahoma City Thunder,0.9951873279244414
Memphis Grizzlies,Dallas Mavericks,Dallas Mavericks,Memphis Grizzlies,0.8623889591504106
Denver Nuggets,Miami Heat,Miami Heat,Denver Nuggets,0.7750608703026863
Sacramento Kings,Washington Wizards,Washington Wizards,Sacramento Kings,0.9968601382512686
Detroit Pistons,Los Angeles Clippers,Detroit Pistons,Los Angeles Clippers,0.8243870128327221
Phoenix Suns,Sacramento Kings,Sacramento Kings,Phoenix Suns,0.6587014316993396
Los Angeles Lakers,Boston Celtics,Boston Celtics,Los Angeles Lakers,0.685619783364579
Cleveland Cavaliers,Golden State Warriors,Golden State Warriors,Cleveland Cavaliers,0.9837893387267481
Atlanta Hawks,Milwaukee Bucks,Milwaukee Bucks,Atlanta Hawks,0.9591288351199535
Utah Jazz,Indiana Pacers,Utah Jazz,Indiana Pacers,0.9918319140663007
Detroit Pistons,Oklahoma City Thunder,Oklahoma City Thunder,Detroit Pistons,0.7367418378421695
Philadelphia 76ers,Los Angeles Clippers,Philadelphia 76ers,Los Angeles Clippers,0.8850013074959009
Washington Wizards,New Orleans Pelicans,New Orleans Pelicans,Washington Wizards,0.99937309388358
Brooklyn Nets,Charlotte Hornets,Brooklyn Nets,Charlotte Hornets,0.5104809786861068
Toronto Raptors,Orlando Magic,Toronto Raptors,Orlando Magic,0.9864113920767407
Chicago Bulls,Memphis Grizzlies,Memphis Grizzlies,Chicago Bulls,0.961249010611501
Houston Rockets,Denver Nuggets,Denver Nuggets,Houston Rockets,0.9822726099618017
Minnesota Timberwolves,Miami Heat,Miami Heat,Minnesota Timberwolves,0.9732150421126207
San Antonio Spurs,Portland Trail Blazers,San Antonio Spurs,Portland Trail Blazers,0.947936272510383
Dallas Mavericks,New York Knicks,Dallas Mavericks,New York Knicks,0.9631841821334445
Phoenix Suns,San Antonio Spurs,Phoenix Suns,San Antonio Spurs,0.989811624201756
Milwaukee Bucks,Memphis Grizzlies,Memphis Grizzlies,Milwaukee Bucks,0.9849493243878702
Boston Celtics,Golden State Warriors,Golden State Warriors,Boston Celtics,0.5459046878803546
Chicago Bulls,Cleveland Cavaliers,Cleveland Cavaliers,Chicago Bulls,0.7574939171806929
Los Angeles Lakers,Utah Jazz,Los Angeles Lakers,Utah Jazz,0.8523222206431424
Washington Wizards,Detroit Pistons,Detroit Pistons,Washington Wizards,0.8074729039855869
Atlanta Hawks,Indiana Pacers,Atlanta Hawks,Indiana Pacers,0.5635306619602621
New York Knicks,New Orleans Pelicans,New Orleans Pelicans,New York Knicks,0.9293550534210142
Miami Heat,Brooklyn Nets,Brooklyn Nets,Miami Heat,0.9658021510982968
Charlotte Hornets,Portland Trail Blazers,Charlotte Hornets,Portland Trail Blazers,0.6311117667555904
Orlando Magic,Houston Rockets,Houston Rockets,Orlando Magic,0.9537734270304208
Toronto Raptors,Oklahoma City Thunder,Toronto Raptors,Oklahoma City Thunder,0.8599598232497934
Dallas Mavericks,Sacramento Kings,Sacramento Kings,Dallas Mavericks,0.896616711433716
Los Angeles Clippers,Minnesota Timberwolves,Los Angeles Clippers,Minnesota Timberwolves,0.8229618245437244
Los Angeles Lakers,Utah Jazz,Los Angeles Lakers,Utah Jazz,0.8351300358693342
Denver Nuggets,Memphis Grizzlies,Memphis Grizzlies,Denver Nuggets,0.8802813691206126
Washington Wizards,Oklahoma City Thunder,Oklahoma City Thunder,Washington Wizards,0.9573621330284003
Milwaukee Bucks,Phoenix Suns,Phoenix Suns,Milwaukee Bucks,0.7344323447968888
Miami Heat,Houston Rockets,Houston Rockets,Miami Heat,0.8440337435261963
Indiana Pacers,San Antonio Spurs,Indiana Pacers,San Antonio Spurs,0.9479399776371988
Philadelphia 76ers,Golden State Warriors,Philadelphia 76ers,Golden State Warriors,0.6780418636888838
Boston Celtics,Chicago Bulls,Chicago Bulls,Boston Celtics,0.677323883620399
Detroit Pistons,Cleveland Cavaliers,Cleveland Cavaliers,Detroit Pistons,0.6506634946299135
Atlanta Hawks,Orlando Magic,Atlanta Hawks,Orlando Magic,0.8659527930341213
New Orleans Pelicans,Brooklyn Nets,Brooklyn Nets,New Orleans Pelicans,0.9990579199627482
New York Knicks,Charlotte Hornets,New York Knicks,Charlotte Hornets,0.8777324790006713
Portland Trail Blazers,Los Angeles Clippers,Portland Trail Blazers,Los Angeles Clippers,0.9566546737953571
Sacramento Kings,Minnesota Timberwolves,Minnesota Timberwolves,Sacramento Kings,0.9909255342476951
Sacramento Kings,Minnesota Timberwolves,Minnesota Timberwolves,Sacramento Kings,0.9890323024469432
Los Angeles Clippers,Memphis Grizzlies,Los Angeles Clippers,Memphis Grizzlies,0.7209698639306145
San Antonio Spurs,Miami Heat,Miami Heat,San Antonio Spurs,0.6832606422409662
Dallas Mavericks,Detroit Pistons,Dallas Mavericks,Detroit Pistons,0.8234647902838135
New York Knicks,Atlanta Hawks,New York Knicks,Atlanta Hawks,0.8011852496117038
Portland Trail Blazers,Denver Nuggets,Portland Trail Blazers,Denver Nuggets,0.5919464634555882
Washington Wizards,Golden State Warriors,Golden State Warriors,Washington Wizards,0.9454286151628585
Toronto Raptors,Brooklyn Nets,Toronto Raptors,Brooklyn Nets,0.5910572073102593
Philadelphia 76ers,Phoenix Suns,Philadelphia 76ers,Phoenix Suns,0.8432573738639693
Indiana Pacers,Oklahoma City Thunder,Indiana Pacers,Oklahoma City Thunder,0.7276711008932023
Houston Rockets,Utah Jazz,Utah Jazz,Houston Rockets,0.7592898203245824
Cleveland Cavaliers,Chicago Bulls,Chicago Bulls,Cleveland Cavaliers,0.9739223740090177
Chicago Bulls,Charlotte Hornets,Charlotte Hornets,Chicago Bulls,0.6492501000207245
San Antonio Spurs,Detroit Pistons,San Antonio Spurs,Detroit Pistons,0.793451806978276
Dallas Mavericks,Los Angeles Lakers,Los Angeles Lakers,Dallas Mavericks,0.8758648191933248
Milwaukee Bucks,Philadelphia 76ers,Philadelphia 76ers,Milwaukee Bucks,0.9632478311008196
Boston Celtics,Phoenix Suns,Boston Celtics,Phoenix Suns,0.5841378899214429
Orlando Magic,New Orleans Pelicans,New Orleans Pelicans,Orlando Magic,0.9992007098996428
Atlanta Hawks,Miami Heat,Miami Heat,Atlanta Hawks,0.780338240882517
Brooklyn Nets,Boston Celtics,Boston Celtics,Brooklyn Nets,0.5526453590254036
Charlotte Hornets,Cleveland Cavaliers,Cleveland Cavaliers,Charlotte Hornets,0.7942160274870442
Houston Rockets,Los Angeles Clippers,Los Angeles Clippers,Houston Rockets,0.804106535920951
Oklahoma City Thunder,Washington Wizards,Washington Wizards,Oklahoma City Thunder,0.9994525223454362
Golden State Warriors,Denver Nuggets,Denver Nuggets,Golden State Warriors,0.7883383030898153
Portland Trail Blazers,Memphis Grizzlies,Portland Trail Blazers,Memphis Grizzlies,0.5168119021955347
Dallas Mavericks,Los Angeles Lakers,Los Angeles Lakers,Dallas Mavericks,0.8640612679230981
Denver Nuggets,Houston Rockets,Houston Rockets,Denver Nuggets,0.6473450998841829
Utah Jazz,Minnesota Timberwolves,Utah Jazz,Minnesota Timberwolves,0.9644256389989191
New Orleans Pelicans,San Antonio Spurs,San Antonio Spurs,New Orleans Pelicans,0.9634447896153959
New York Knicks,Toronto Raptors,New York Knicks,Toronto Raptors,0.9968495880462613
Indiana Pacers,Detroit Pistons,Indiana Pacers,Detroit Pistons,0.8342146210453448
Milwaukee Bucks,Philadelphia 76ers,Philadelphia 76ers,Milwaukee Bucks,0.9600406317909007
Miami Heat,Chicago Bulls,Chicago Bulls,Miami Heat,0.7901835183260952
Charlotte Hornets,Boston Celtics,Boston Celtics,Charlotte Hornets,0.8199915486215745
Brooklyn Nets,Phoenix Suns,Brooklyn Nets,Phoenix Suns,0.6339649526172839
Portland Trail Blazers,Memphis Grizzlies,Memphis Grizzlies,Portland Trail Blazers,0.5179744189765707
Washington Wizards,Cleveland Cavaliers,Cleveland Cavaliers,Washington Wizards,0.9480975271055333
Atlanta Hawks,Milwaukee Bucks,Milwaukee Bucks,Atlanta Hawks,0.9821756511177647
Orlando Magic,Indiana Pacers,Indiana Pacers,Orlando Magic,0.8829000504208019
Golden State Warriors,Sacramento Kings,Sacramento Kings,Golden State Warriors,0.9462174115970892
Minnesota Timberwolves,Utah Jazz,Utah Jazz,Minnesota Timberwolves,0.6281236865654418
Sacramento Kings,Dallas Mavericks,Dallas Mavericks,Sacramento Kings,0.9474101487482436
Denver Nuggets,Memphis Grizzlies,Memphis Grizzlies,Denver Nuggets,0.9129456868837129
New Orleans Pelicans,Los Angeles Clippers,Los Angeles Clippers,New Orleans Pelicans,0.9735444650018845
Toronto Raptors,Cleveland Cavaliers,Toronto Raptors,Cleveland Cavaliers,0.9184400622600921
Miami Heat,Chicago Bulls,Chicago Bulls,Miami Heat,0.764611446857455
Washington Wizards,San Antonio Spurs,San Antonio Spurs,Washington Wizards,0.7408758731158598
Philadelphia 76ers,Oklahoma City Thunder,Philadelphia 76ers,Oklahoma City Thunder,0.6634407445961313
Orlando Magic,Los Angeles Lakers,Los Angeles Lakers,Orlando Magic,0.9911382164740042
Detroit Pistons,Atlanta Hawks,Atlanta Hawks,Detroit Pistons,0.9128043015409079
New York Knicks,Phoenix Suns,New York Knicks,Phoenix Suns,0.9183713124255815
Boston Celtics,Oklahoma City Thunder,Oklahoma City Thunder,Boston Celtics,0.5697709980007137
Charlotte Hornets,Milwaukee Bucks,Milwaukee Bucks,Charlotte Hornets,0.9918260790991712
Indiana Pacers,Portland Trail Blazers,Indiana Pacers,Portland Trail Blazers,0.9681695754530919
Toronto Raptors,Brooklyn Nets,Toronto Raptors,Brooklyn Nets,0.5429675728730358
Houston Rockets,Minnesota Timberwolves,Minnesota Timberwolves,Houston Rockets,0.9712911370281112
Golden State Warriors,Dallas Mavericks,Golden State Warriors,Dallas Mavericks,0.7707616313106418
Phoenix Suns,Los Angeles Clippers,Phoenix Suns,Los Angeles Clippers,0.9715701906757098
Sacramento Kings,Utah Jazz,Utah Jazz,Sacramento Kings,0.846530320781115
Memphis Grizzlies,Portland Trail Blazers,Memphis Grizzlies,Portland Trail Blazers,0.5001423525189678
Denver Nuggets,New Orleans Pelicans,New Orleans Pelicans,Denver Nuggets,0.9965642916030422
Miami Heat,San Antonio Spurs,Miami Heat,San Antonio Spurs,0.6913231654331908
New York Knicks,Chicago Bulls,New York Knicks,Chicago Bulls,0.95303738291716
Boston Celtics,Charlotte Hornets,Charlotte Hornets,Boston Celtics,0.6552521600469854
Philadelphia 76ers,Atlanta Hawks,Atlanta Hawks,Philadelphia 76ers,0.5551094380916687
Cleveland Cavaliers,Orlando Magic,Orlando Magic,Cleveland Cavaliers,0.8565331603195805
Washington Wizards,Los Angeles Lakers,Los Angeles Lakers,Washington Wizards,0.9947641545853211
Detroit Pistons,Dallas Mavericks,Dallas Mavericks,Detroit Pistons,0.5992931440077385
Indiana Pacers,Brooklyn Nets,Brooklyn Nets,Indiana Pacers,0.7634407693981937
Houston Rockets,Milwaukee Bucks,Milwaukee Bucks,Houston Rockets,0.9977260569799487
Minnesota Timberwolves,Golden State Warriors,Golden State Warriors,Minnesota Timberwolves,0.8918897234278315
Denver Nuggets,Toronto Raptors,Denver Nuggets,Toronto Raptors,0.9399632758730957
Oklahoma City Thunder,New Orleans Pelicans,New Orleans Pelicans,Oklahoma City Thunder,0.9998649369945407
Chicago Bulls,Milwaukee Bucks,Milwaukee Bucks,Chicago Bulls,0.97215623205167
Phoenix Suns,Utah Jazz,Phoenix Suns,Utah Jazz,0.9846135041204093
Memphis Grizzlies,Orlando Magic,Memphis Grizzlies,Orlando Magic,0.5415678109253944
Los Angeles Lakers,Sacramento Kings,Sacramento Kings,Los Angeles Lakers,0.9625992911942582
Cleveland Cavaliers,Washington Wizards,Washington Wizards,Cleveland Cavaliers,0.9991997110735221
Boston Celtics,San Antonio Spurs,Boston Celtics,San Antonio Spurs,0.8115999683461402
Philadelphia 76ers,Atlanta Hawks,Philadelphia 76ers,Atlanta Hawks,0.5012164247405362
Brooklyn Nets,Portland Trail Blazers,Brooklyn Nets,Portland Trail Blazers,0.9086582443906397
Utah Jazz,Toronto Raptors,Utah Jazz,Toronto Raptors,0.999322150622914
Orlando Magic,Memphis Grizzlies,Memphis Grizzlies,Orlando Magic,0.9713819757269837
Los Angeles Clippers,Denver Nuggets,Los Angeles Clippers,Denver Nuggets,0.5630751520728301
Dallas Mavericks,Washington Wizards,Washington Wizards,Dallas Mavericks,0.935831657864723
Oklahoma City Thunder,Indiana Pacers,Indiana Pacers,Oklahoma City Thunder,0.9819934794988331
Charlotte Hornets,Detroit Pistons,Detroit Pistons,Charlotte Hornets,0.7735124107164325
Cleveland Cavaliers,Miami Heat,Miami Heat,Cleveland Cavaliers,0.9929011452071144
Atlanta Hawks,Chicago Bulls,Chicago Bulls,Atlanta Hawks,0.5620438534877181
Houston Rockets,Golden State Warriors,Golden State Warriors,Houston Rockets,0.914574100217297
Minnesota Timberwolves,New Orleans Pelicans,New Orleans Pelicans,Minnesota Timberwolves,0.9990074124020768
Milwaukee Bucks,Brooklyn Nets,Brooklyn Nets,Milwaukee Bucks,0.9734236841255188
Boston Celtics,Portland Trail Blazers,Boston Celtics,Portland Trail Blazers,0.8018931703554367
Charlotte Hornets,Miami Heat,Miami Heat,Charlotte Hornets,0.8951021672362913
Dallas Mavericks,Sacramento Kings,Sacramento Kings,Dallas Mavericks,0.9426900808582805
Houston Rockets,New York Knicks,Houston Rockets,New York Knicks,0.7099974518580617
Oklahoma City Thunder,Phoenix Suns,Phoenix Suns,Oklahoma City Thunder,0.9864833160539004
San Antonio Spurs,Philadelphia 76ers,Philadelphia 76ers,San Antonio Spurs,0.6568456030981493
Los Angeles Lakers,Toronto Raptors,Los Angeles Lakers,Toronto Raptors,0.9530083693884511
Utah Jazz,San Antonio Spurs,Utah Jazz,San Antonio Spurs,0.9961970536885588
Los Angeles Lakers,Denver Nuggets,Denver Nuggets,Los Angeles Lakers,0.9399684022664931
Memphis Grizzlies,New York Knicks,Memphis Grizzlies,New York Knicks,0.8184382181112144
Chicago Bulls,Philadelphia 76ers,Philadelphia 76ers,Chicago Bulls,0.8048778465941404
Washington Wizards,Indiana Pacers,Indiana Pacers,Washington Wizards,0.9128382656549165
New Orleans Pelicans,Golden State Warriors,Golden State Warriors,New Orleans Pelicans,0.9849553028593553
Detroit Pistons,Orlando Magic,Detroit Pistons,Orlando Magic,0.7409775603967523
Atlanta Hawks,Portland Trail Blazers,Atlanta Hawks,Portland Trail Blazers,0.7638193598320487
Los Angeles Clippers,Toronto Raptors,Los Angeles Clippers,Toronto Raptors,0.9969188869832123
Cleveland Cavaliers,Phoenix Suns,Phoenix Suns,Cleveland Cavaliers,0.9782739754595924
Detroit Pistons,Charlotte Hornets,Charlotte Hornets,Detroit Pistons,0.8031942173946232
Milwaukee Bucks,Brooklyn Nets,Brooklyn Nets,Milwaukee Bucks,0.9700842421384606
Miami Heat,Dallas Mavericks,Dallas Mavericks,Miami Heat,0.7210228155559659
New Orleans Pelicans,Golden State Warriors,Golden State Warriors,New Orleans Pelicans,0.9827470571809556
Oklahoma City Thunder,Sacramento Kings,Sacramento Kings,Oklahoma City Thunder,0.9991947191446713
Denver Nuggets,New York Knicks,Denver Nuggets,New York Knicks,0.92280292834067
Minnesota Timberwolves,Memphis Grizzlies,Memphis Grizzlies,Minnesota Timberwolves,0.9667763316412804
Utah Jazz,San Antonio Spurs,Utah Jazz,San Antonio Spurs,0.9958528078424541
Milwaukee Bucks,Washington Wizards,Washington Wizards,Milwaukee Bucks,0.9920392132816108
Orlando Magic,Boston Celtics,Boston Celtics,Orlando Magic,0.9538824486862242
Houston Rockets,Philadelphia 76ers,Philadelphia 76ers,Houston Rockets,0.9748750730429823
Atlanta Hawks,Phoenix Suns,Atlanta Hawks,Phoenix Suns,0.5492260030838204
Cleveland Cavaliers,Portland Trail Blazers,Portland Trail Blazers,Cleveland Cavaliers,0.9487334553482292
Indiana Pacers,Sacramento Kings,Sacramento Kings,Indiana Pacers,0.8037670226069575
Charlotte Hornets,Chicago Bulls,Chicago Bulls,Charlotte Hornets,0.7760600626708203
Dallas Mavericks,Brooklyn Nets,Brooklyn Nets,Dallas Mavericks,0.7640503111170566
Toronto Raptors,Washington Wizards,Washington Wizards,Toronto Raptors,0.6301712810979885
Detroit Pistons,Memphis Grizzlies,Memphis Grizzlies,Detroit Pistons,0.8389067342322831
Indiana Pacers,Atlanta Hawks,Indiana Pacers,Atlanta Hawks,0.6139892897334485
Golden State Warriors,Oklahoma City Thunder,Golden State Warriors,Oklahoma City Thunder,0.6573924948779597
Los Angeles Clippers,Los Angeles Lakers,Los Angeles Clippers,Los Angeles Lakers,0.5997664228049514
Sacramento Kings,San Antonio Spurs,San Antonio Spurs,Sacramento Kings,0.8875846683583544
Portland Trail Blazers,Los Angeles Lakers,Los Angeles Lakers,Portland Trail Blazers,0.8163786340268178
Phoenix Suns,New York Knicks,Phoenix Suns,New York Knicks,0.9924168006813254
Utah Jazz,Denver Nuggets,Utah Jazz,Denver Nuggets,0.8911483048572271
Dallas Mavericks,Cleveland Cavaliers,Cleveland Cavaliers,Dallas Mavericks,0.7971922636593598
Milwaukee Bucks,Houston Rockets,Houston Rockets,Milwaukee Bucks,0.9135581004616258
Miami Heat,Minnesota Timberwolves,Minnesota Timberwolves,Miami Heat,0.9164808614386739
Charlotte Hornets,Orlando Magic,Charlotte Hornets,Orlando Magic,0.6001295501786179
Chicago Bulls,Boston Celtics,Boston Celtics,Chicago Bulls,0.6809848144751421
Philadelphia 76ers,New Orleans Pelicans,New Orleans Pelicans,Philadelphia 76ers,0.9768039348560998
Indiana Pacers,Washington Wizards,Washington Wizards,Indiana Pacers,0.7369142014739396
Philadelphia 76ers,Detroit Pistons,Philadelphia 76ers,Detroit Pistons,0.6503792551092681
Toronto Raptors,Memphis Grizzlies,Toronto Raptors,Memphis Grizzlies,0.7816580728788355
Denver Nuggets,Brooklyn Nets,Brooklyn Nets,Denver Nuggets,0.8570686072007988
Golden State Warriors,Oklahoma City Thunder,Golden State Warriors,Oklahoma City Thunder,0.6455407932134483
Portland Trail Blazers,San Antonio Spurs,Portland Trail Blazers,San Antonio Spurs,0.9472407441150782
Utah Jazz,Houston Rockets,Utah Jazz,Houston Rockets,0.9911321610412231
Sacramento Kings,Oklahoma City Thunder,Oklahoma City Thunder,Sacramento Kings,0.9796089914687309
Los Angeles Lakers,Phoenix Suns,Phoenix Suns,Los Angeles Lakers,0.5467894297683893
Detroit Pistons,Chicago Bulls,Chicago Bulls,Detroit Pistons,0.7665758819177995
Orlando Magic,Minnesota Timberwolves,Minnesota Timberwolves,Orlando Magic,0.9717586865728263
Cleveland Cavaliers,Dallas Mavericks,Dallas Mavericks,Cleveland Cavaliers,0.9869822130536512
Charlotte Hornets,New Orleans Pelicans,New Orleans Pelicans,Charlotte Hornets,0.9963543053371262
Los Angeles Clippers,New York Knicks,Los Angeles Clippers,New York Knicks,0.9974602315686338
Boston Celtics,Miami Heat,Miami Heat,Boston Celtics,0.7700344836567119
Atlanta Hawks,Washington Wizards,Washington Wizards,Atlanta Hawks,0.8352009432976922
Cleveland Cavaliers,Indiana Pacers,Indiana Pacers,Cleveland Cavaliers,0.984279557292688
Memphis Grizzlies,New Orleans Pelicans,New Orleans Pelicans,Memphis Grizzlies,0.9971109642769397
San Antonio Spurs,Milwaukee Bucks,Milwaukee Bucks,San Antonio Spurs,0.9802698369735597
Golden State Warriors,Utah Jazz,Golden State Warriors,Utah Jazz,0.9812196688435595
Portland Trail Blazers,Houston Rockets,Portland Trail Blazers,Houston Rockets,0.8550091897391534
Sacramento Kings,Oklahoma City Thunder,Oklahoma City Thunder,Sacramento Kings,0.9745647955972895
Los Angeles Lakers,New York Knicks,Los Angeles Lakers,New York Knicks,0.8956647865903529
Golden State Warriors,Phoenix Suns,Golden State Warriors,Phoenix Suns,0.8361661282991901
Milwaukee Bucks,Orlando Magic,Orlando Magic,Milwaukee Bucks,0.686396189232923
Memphis Grizzlies,Dallas Mavericks,Dallas Mavericks,Memphis Grizzlies,0.8841396168904286
Indiana Pacers,Philadelphia 76ers,Philadelphia 76ers,Indiana Pacers,0.5831761575072465
Chicago Bulls,Brooklyn Nets,Brooklyn Nets,Chicago Bulls,0.7664544212710938
Toronto Raptors,Los Angeles Clippers,Toronto Raptors,Los Angeles Clippers,0.9877877782293429
Boston Celtics,Miami Heat,Miami Heat,Boston Celtics,0.7361015620202609
Detroit Pistons,Minnesota Timberwolves,Minnesota Timberwolves,Detroit Pistons,0.8925752122315093
Charlotte Hornets,Denver Nuggets,Denver Nuggets,Charlotte Hornets,0.9836581093524679
Atlanta Hawks,Washington Wizards,Washington Wizards,Atlanta Hawks,0.8151373956962764
Brooklyn Nets,San Antonio Spurs,Brooklyn Nets,San Antonio Spurs,0.8786084393932914
Cleveland Cavaliers,Boston Celtics,Boston Celtics,Cleveland Cavaliers,0.9940276502949985
Dallas Mavericks,New Orleans Pelicans,New Orleans Pelicans,Dallas Mavericks,0.9752479867856924
Utah Jazz,Portland Trail Blazers,Utah Jazz,Portland Trail Blazers,0.9978322239620274
Los Angeles Lakers,Houston Rockets,Houston Rockets,Los Angeles Lakers,0.594138369136521
Minnesota Timberwolves,Denver Nuggets,Denver Nuggets,Minnesota Timberwolves,0.9920869295994535
Memphis Grizzlies,Sacramento Kings,Sacramento Kings,Memphis Grizzlies,0.9958706650507063
Chicago Bulls,Toronto Raptors,Chicago Bulls,Toronto Raptors,0.9266326853067604
New York Knicks,San Antonio Spurs,New York Knicks,San Antonio Spurs,0.9417964258420394
Phoenix Suns,Portland Trail Blazers,Phoenix Suns,Portland Trail Blazers,0.9762878130979986
Atlanta Hawks,Orlando Magic,Atlanta Hawks,Orlando Magic,0.8531259114149888
Charlotte Hornets,Los Angeles Clippers,Charlotte Hornets,Los Angeles Clippers,0.664051420394772
Miami Heat,Philadelphia 76ers,Philadelphia 76ers,Miami Heat,0.8698583186202731
Indiana Pacers,Milwaukee Bucks,Milwaukee Bucks,Indiana Pacers,0.9761532372627376
Washington Wizards,Cleveland Cavaliers,Cleveland Cavaliers,Washington Wizards,0.9711919682371994
Detroit Pistons,Denver Nuggets,Denver Nuggets,Detroit Pistons,0.9785907713702265
Oklahoma City Thunder,Utah Jazz,Utah Jazz,Oklahoma City Thunder,0.8197696350344128
Philadelphia 76ers,Orlando Magic,Philadelphia 76ers,Orlando Magic,0.9501643969394211
Dallas Mavericks,Toronto Raptors,Dallas Mavericks,Toronto Raptors,0.9253981283637458
Houston Rockets,Los Angeles Clippers,Los Angeles Clippers,Houston Rockets,0.6851162426826622
Memphis Grizzlies,Sacramento Kings,Sacramento Kings,Memphis Grizzlies,0.9951861638957067
Golden State Warriors,New Orleans Pelicans,New Orleans Pelicans,Golden State Warriors,0.8848117462177497
Milwaukee Bucks,Miami Heat,Miami Heat,Milwaukee Bucks,0.9531187849904488
San Antonio Spurs,Phoenix Suns,San Antonio Spurs,Phoenix Suns,0.5296192646960257
Minnesota Timberwolves,Boston Celtics,Boston Celtics,Minnesota Timberwolves,0.9586878455217765
Indiana Pacers,Los Angeles Lakers,Los Angeles Lakers,Indiana Pacers,0.9483446776032023
Brooklyn Nets,Chicago Bulls,Brooklyn Nets,Chicago Bulls,0.8357033162581562
New York Knicks,Charlotte Hornets,New York Knicks,Charlotte Hornets,0.8870243344291114
Chicago Bulls,Milwaukee Bucks,Milwaukee Bucks,Chicago Bulls,0.9906236131444319
Sacramento Kings,Utah Jazz,Utah Jazz,Sacramento Kings,0.685350770353456
Portland Trail Blazers,Denver Nuggets,Denver Nuggets,Portland Trail Blazers,0.6602044712577018
Oklahoma City Thunder,Los Angeles Clippers,Los Angeles Clippers,Oklahoma City Thunder,0.9140574023948856
New Orleans Pelicans,Los Angeles Lakers,Los Angeles Lakers,New Orleans Pelicans,0.9994537525924028
Minnesota Timberwolves,Dallas Mavericks,Dallas Mavericks,Minnesota Timberwolves,0.9075726933046883
Detroit Pistons,Miami Heat,Miami Heat,Detroit Pistons,0.8679208174752846
Toronto Raptors,Indiana Pacers,Toronto Raptors,Indiana Pacers,0.7180251882905255
Brooklyn Nets,Cleveland Cavaliers,Brooklyn Nets,Cleveland Cavaliers,0.5358083075018384
Atlanta Hawks,Houston Rockets,Atlanta Hawks,Houston Rockets,0.5144153122708559
Golden State Warriors,Memphis Grizzlies,Memphis Grizzlies,Golden State Warriors,0.6691684177525805
San Antonio Spurs,Phoenix Suns,Phoenix Suns,San Antonio Spurs,0.524701530607959
Washington Wizards,Charlotte Hornets,Charlotte Hornets,Washington Wizards,0.9290993612965293
New York Knicks,Boston Celtics,New York Knicks,Boston Celtics,0.8529043345838138
Philadelphia 76ers,Orlando Magic,Philadelphia 76ers,Orlando Magic,0.9493339784818758
Boston Celtics,Washington Wizards,Washington Wizards,Boston Celtics,0.9019953854949088
Indiana Pacers,Charlotte Hornets,Indiana Pacers,Charlotte Hornets,0.5655339085271479
Los Angeles Lakers,Golden State Warriors,Los Angeles Lakers,Golden State Warriors,0.7622380014409543
Memphis Grizzlies,San Antonio Spurs,San Antonio Spurs,Memphis Grizzlies,0.8121281621386596
Washington Wizards,Indiana Pacers,Indiana Pacers,Washington Wizards,0.9581823507143415
Golden State Warriors,Memphis Grizzlies,Memphis Grizzlies,Golden State Warriors,0.7252094576092554
